solid OpenSCAD_Model
  facet normal 0 0 -1
    outer loop
      vertex 4 1.003855247725928 0.009781341552734801
      vertex 4 20.020635708684406 0.009781341552734801
      vertex 11.278319257153672 2.834393384204611 0.009781341552734801
    endloop
  endfacet
  facet normal 0.2439096302690793 -0.969797964661713 -1.881976077556632e-18
    outer loop
      vertex 4 1.003855247725928 0.009781341552734801
      vertex 11.278319257153672 2.834393384204611 0.009781341552734801
      vertex 11.278319257153672 2.834393384204611 5.009781341552735
    endloop
  endfacet
  facet normal 0 0 -1
    outer loop
      vertex 11.278319257153672 2.834393384204611 0.009781341552734801
      vertex 4 20.020635708684406 0.009781341552734801
      vertex 16.194179862457485 8.324395067699623 0.009781341552734801
    endloop
  endfacet
  facet normal 0.7449881311658548 -0.6670777199262518 0
    outer loop
      vertex 11.278319257153672 2.834393384204611 0.009781341552734801
      vertex 16.194179862457485 8.324395067699623 0.009781341552734801
      vertex 11.278319257153672 2.834393384204611 5.009781341552735
    endloop
  endfacet
  facet normal 0 0 -1
    outer loop
      vertex 16.194179862457485 8.324395067699623 0.009781341552734801
      vertex 4 20.020635708684406 0.009781341552734801
      vertex 14.618700798500356 21.16570449080579 0.009781341552734801
    endloop
  endfacet
  facet normal 0 0 -1
    outer loop
      vertex 16.194179862457485 8.324395067699623 0.009781341552734801
      vertex 14.618700798500356 21.16570449080579 0.009781341552734801
      vertex 25 24 0.009781341552734801
    endloop
  endfacet
  facet normal 0 0 -1
    outer loop
      vertex 16.194179862457485 8.324395067699623 0.009781341552734801
      vertex 25 24 0.009781341552734801
      vertex 25 14 0.009781341552734801
    endloop
  endfacet
  facet normal 0.2439096302690793 -0.969797964661713 0
    outer loop
      vertex 4 1.003855247725928 0.009781341552734801
      vertex 11.278319257153672 2.834393384204611 5.009781341552735
      vertex 4 1.003855247725928 5.009781341552735
    endloop
  endfacet
  facet normal 0 0 1
    outer loop
      vertex 4 1.003855247725928 5.009781341552735
      vertex 11.278319257153672 2.834393384204611 5.009781341552735
      vertex 16.194179862457485 8.324395067699623 5.009781341552735
    endloop
  endfacet
  facet normal 0 0 1
    outer loop
      vertex 4 1.003855247725928 5.009781341552735
      vertex 14.618700798500356 21.16570449080579 5.009781341552735
      vertex 4 20.020635708684406 5.009781341552735
    endloop
  endfacet
  facet normal 0.7449881311658548 -0.6670777199262518 0
    outer loop
      vertex 16.194179862457485 8.324395067699623 0.009781341552734801
      vertex 16.194179862457485 8.324395067699623 5.009781341552735
      vertex 11.278319257153672 2.834393384204611 5.009781341552735
    endloop
  endfacet
  facet normal 0.2285137089139752 -0.9735406950088831 0
    outer loop
      vertex 16.194179862457485 8.324395067699623 0.009781341552734801
      vertex 34.69634615850787 12.66730406465228 5
      vertex 16.194179862457485 8.324395067699623 5.009781341552735
    endloop
  endfacet
  facet normal 0 0 1
    outer loop
      vertex 4 1.003855247725928 5.009781341552735
      vertex 16.194179862457485 8.324395067699623 5.009781341552735
      vertex 14.618700798500356 21.16570449080579 5.009781341552735
    endloop
  endfacet
  facet normal 0 0 1
    outer loop
      vertex 16.194179862457485 8.324395067699623 5.009781341552735
      vertex 32.46109283900671 15.607178543982638 5.009781341552735
      vertex 14.618700798500356 21.16570449080579 5.009781341552735
    endloop
  endfacet
  facet normal -0.10721355135148272 0.9942360154443224 0
    outer loop
      vertex 4 20.020635708684406 0.009781341552734801
      vertex 4 20.020635708684406 5.009781341552735
      vertex 14.618700798500356 21.16570449080579 0.009781341552734801
    endloop
  endfacet
  facet normal 0 0 -1
    outer loop
      vertex 14.618700798500356 21.16570449080579 0.009781341552734801
      vertex 21.52817744492498 26.374586351759085 0.009781341552734801
      vertex 25 24 0.009781341552734801
    endloop
  endfacet
  facet normal -0.6019784836346475 0.7985123075074864 7.395025484585493e-17
    outer loop
      vertex 14.618700798500356 21.16570449080579 0.009781341552734801
      vertex 21.52817744492498 26.374586351759085 5.009781341552735
      vertex 21.52817744492498 26.374586351759085 0.009781341552734801
    endloop
  endfacet
  facet normal -0.10721355135148272 0.9942360154443224 0
    outer loop
      vertex 14.618700798500356 21.16570449080579 0.009781341552734801
      vertex 4 20.020635708684406 5.009781341552735
      vertex 14.618700798500356 21.16570449080579 5.009781341552735
    endloop
  endfacet
  facet normal -0.6019784836346475 0.7985123075074864 0
    outer loop
      vertex 14.618700798500356 21.16570449080579 0.009781341552734801
      vertex 14.618700798500356 21.16570449080579 5.009781341552735
      vertex 21.52817744492498 26.374586351759085 5.009781341552735
    endloop
  endfacet
  facet normal 0 0 -1
    outer loop
      vertex 16.194179862457485 8.324395067699623 0.009781341552734801
      vertex 25 14 0.009781341552734801
      vertex 33.94644660940672 13.453553390593273 0.009781341552734801
    endloop
  endfacet
  facet normal 0 0 -1
    outer loop
      vertex 16.194179862457485 8.324395067699623 0.009781341552734801
      vertex 33.94644660940672 12.746446609406727 0.009781341552734801
      vertex 34.3 12.6 0.009781341552734801
    endloop
  endfacet
  facet normal 0 0 -1
    outer loop
      vertex 16.194179862457485 8.324395067699623 0.009781341552734801
      vertex 33.8 13.1 0.009781341552734801
      vertex 33.94644660940672 12.746446609406727 0.009781341552734801
    endloop
  endfacet
  facet normal 0 0 -1
    outer loop
      vertex 16.194179862457485 8.324395067699623 0.009781341552734801
      vertex 34.3 12.6 0.009781341552734801
      vertex 34.69634615850787 12.66730406465228 0.009781341552734801
    endloop
  endfacet
  facet normal 0 0 -1
    outer loop
      vertex 16.194179862457485 8.324395067699623 0.009781341552734801
      vertex 33.94644660940672 13.453553390593273 0.009781341552734801
      vertex 33.8 13.1 0.009781341552734801
    endloop
  endfacet
  facet normal 0 0 -1
    outer loop
      vertex 25 14 0.009781341552734801
      vertex 34.49289321881345 14 0.009781341552734801
      vertex 33.94644660940672 13.453553390593273 0.009781341552734801
    endloop
  endfacet
  facet normal 0.22851370891397518 -0.9735406950088831 1.0512347449347824e-17
    outer loop
      vertex 16.194179862457485 8.324395067699623 0.009781341552734801
      vertex 34.69634615850787 12.66730406465228 0.009781341552734801
      vertex 34.69634615850787 12.66730406465228 5
    endloop
  endfacet
  facet normal 0 0 -1
    outer loop
      vertex 35 15.74971330611667 0.009781341552734801
      vertex 36.246446609406725 15.753553390593273 0.009781341552734801
      vertex 35 14.50710678118655 0.009781341552734801
    endloop
  endfacet
  facet normal 0 0 -1
    outer loop
      vertex 35 15.74971330611667 0.009781341552734801
      vertex 36.4311452996336 15.83005809303779 0.009781341552734801
      vertex 36.246446609406725 15.753553390593273 0.009781341552734801
    endloop
  endfacet
  facet normal -0.056051941904811685 0.9984278540829575 0
    outer loop
      vertex 35 15.74971330611667 0.009781341552734801
      vertex 35 15.74971330611667 5
      vertex 36.4311452996336 15.83005809303779 0.009781341552734801
    endloop
  endfacet
  facet normal 0.2285137089139752 -0.973540695008883 8.796913939278683e-14
    outer loop
      vertex 16.194179862457485 8.324395067699623 5.009781341552735
      vertex 34.69634615850787 12.66730406465228 5
      vertex 37.88794339420674 13.416449658080692 5.009781341552735
    endloop
  endfacet
  facet normal 0 0 1
    outer loop
      vertex 16.194179862457485 8.324395067699623 5.009781341552735
      vertex 37.88794339420674 13.416449658080692 5.009781341552735
      vertex 32.46109283900671 15.607178543982638 5.009781341552735
    endloop
  endfacet
  facet normal -0.05605194190481166 0.9984278540829575 0
    outer loop
      vertex 32.46109283900671 15.607178543982638 5
      vertex 32.46109283900671 15.607178543982638 5.009781341552735
      vertex 35 15.74971330611667 5
    endloop
  endfacet
  facet normal 0.9968998090657597 -0.07868145070251185 0
    outer loop
      vertex 32.46109283900671 15.607178543982638 5
      vertex 32.92569301361489 21.493697173513024 5.009781341552735
      vertex 32.46109283900671 15.607178543982638 5.009781341552735
    endloop
  endfacet
  facet normal -0.056051941904811685 0.9984278540829575 5.74052196428681e-19
    outer loop
      vertex 35 15.74971330611667 5
      vertex 36.4311452996336 15.83005809303779 5
      vertex 36.4311452996336 15.83005809303779 0.009781341552734801
    endloop
  endfacet
  facet normal 0.2285137089139754 -0.9735406950088831 0
    outer loop
      vertex 37.88794339420674 13.416449658080692 5.009781341552735
      vertex 34.69634615850787 12.66730406465228 5
      vertex 37.88794339420674 13.416449658080692 5
    endloop
  endfacet
  facet normal -0.05605194190481159 0.9984278540829575 1.9177662861739865e-14
    outer loop
      vertex 32.46109283900671 15.607178543982638 5.009781341552735
      vertex 37.76328540953933 15.904844708559537 5.009781341552735
      vertex 35 15.74971330611667 5
    endloop
  endfacet
  facet normal 0 0 1
    outer loop
      vertex 32.46109283900671 15.607178543982638 5.009781341552735
      vertex 37.88794339420674 13.416449658080692 5.009781341552735
      vertex 37.76328540953933 15.904844708559537 5.009781341552735
    endloop
  endfacet
  facet normal -0.05605194190481168 0.9984278540829575 4.300901718810141e-14
    outer loop
      vertex 35 15.74971330611667 5
      vertex 37.76328540953933 15.904844708559537 5.009781341552735
      vertex 36.4311452996336 15.83005809303779 5
    endloop
  endfacet
  facet normal -0.056051941904811366 0.9984278540829576 0
    outer loop
      vertex 37.76328540953933 15.904844708559537 5.009781341552735
      vertex 37.76328540953933 15.904844708559537 5
      vertex 36.4311452996336 15.83005809303779 5
    endloop
  endfacet
  facet normal 0.9790111242189233 -0.20380681699982398 0
    outer loop
      vertex 37.88794339420674 13.416449658080692 5.009781341552735
      vertex 37.88794339420674 13.416449658080692 5
      vertex 38.28083005935072 15.303729099442887 5
    endloop
  endfacet
  facet normal 0.9790111242189233 -0.20380681699982398 5.9263250915514e-16
    outer loop
      vertex 37.88794339420674 13.416449658080692 5.009781341552735
      vertex 38.28083005935072 15.303729099442887 5
      vertex 38.28083005935072 15.303729099442887 5.009781341552735
    endloop
  endfacet
  facet normal 0 0 1
    outer loop
      vertex 37.88794339420674 13.416449658080692 5.009781341552735
      vertex 38.28083005935072 15.303729099442887 5.009781341552735
      vertex 37.76328540953933 15.904844708559537 5.009781341552735
    endloop
  endfacet
  facet normal 0 0 1
    outer loop
      vertex 38.28083005935072 15.303729099442887 5.009781341552735
      vertex 38.29051955684871 15.433856563531165 5.009781341552735
      vertex 37.76328540953933 15.904844708559537 5.009781341552735
    endloop
  endfacet
  facet normal 0 0 1
    outer loop
      vertex 38.20955453214953 15.67962213805928 5.009781341552735
      vertex 37.76328540953933 15.904844708559537 5.009781341552735
      vertex 38.266216310431666 15.562064024085121 5.009781341552735
    endloop
  endfacet
  facet normal 0 0 1
    outer loop
      vertex 38.01658523269863 15.852004282573041 5.009781341552735
      vertex 37.76328540953933 15.904844708559537 5.009781341552735
      vertex 38.12442228513904 15.778509162827374 5.009781341552735
    endloop
  endfacet
  facet normal 0 0 1
    outer loop
      vertex 38.20955453214953 15.67962213805928 5.009781341552735
      vertex 38.12442228513904 15.778509162827374 5.009781341552735
      vertex 37.76328540953933 15.904844708559537 5.009781341552735
    endloop
  endfacet
  facet normal 0.563179133981976 0.8263348371255512 0
    outer loop
      vertex 38.01658523269863 15.852004282573041 5.009781341552735
      vertex 38.12442228513904 15.778509162827374 5.009781341552735
      vertex 38.01658523269863 15.852004282573041 5
    endloop
  endfacet
  facet normal 0 0 1
    outer loop
      vertex 38.29051955684871 15.433856563531165 5.009781341552735
      vertex 38.266216310431666 15.562064024085121 5.009781341552735
      vertex 37.76328540953933 15.904844708559537 5.009781341552735
    endloop
  endfacet
  facet normal 0.9008227130485975 0.43418710212967426 0
    outer loop
      vertex 38.266216310431666 15.562064024085121 5.009781341552735
      vertex 38.266216310431666 15.562064024085121 5
      vertex 38.20955453214953 15.67962213805928 5
    endloop
  endfacet
  facet normal 0.9008227130485975 0.43418710212967426 0
    outer loop
      vertex 38.20955453214953 15.67962213805928 5.009781341552735
      vertex 38.266216310431666 15.562064024085121 5.009781341552735
      vertex 38.20955453214953 15.67962213805928 5
    endloop
  endfacet
  facet normal 0.7578463620489935 0.6524330552088129 0
    outer loop
      vertex 38.20955453214953 15.67962213805928 5.009781341552735
      vertex 38.20955453214953 15.67962213805928 5
      vertex 38.12442228513904 15.778509162827374 5
    endloop
  endfacet
  facet normal 0.7578463620489935 0.6524330552088129 -6.352097587054613e-16
    outer loop
      vertex 38.20955453214953 15.67962213805928 5.009781341552735
      vertex 38.12442228513904 15.778509162827374 5
      vertex 38.12442228513904 15.778509162827374 5.009781341552735
    endloop
  endfacet
  facet normal 0.563179133981976 0.8263348371255512 0
    outer loop
      vertex 38.12442228513904 15.778509162827374 5.009781341552735
      vertex 38.12442228513904 15.778509162827374 5
      vertex 38.01658523269863 15.852004282573041 5
    endloop
  endfacet
  facet normal 0.9972392111884035 -0.07425601435796723 0
    outer loop
      vertex 38.28083005935072 15.303729099442887 5.009781341552735
      vertex 38.28083005935072 15.303729099442887 5
      vertex 38.29051955684871 15.433856563531165 5
    endloop
  endfacet
  facet normal 0.9972392111884035 -0.07425601435796723 1.865899876863511e-17
    outer loop
      vertex 38.28083005935072 15.303729099442887 5.009781341552735
      vertex 38.29051955684871 15.433856563531165 5
      vertex 38.29051955684871 15.433856563531165 5.009781341552735
    endloop
  endfacet
  facet normal 0.9825033017377268 0.18624516658014273 0
    outer loop
      vertex 38.29051955684871 15.433856563531165 5.009781341552735
      vertex 38.29051955684871 15.433856563531165 5
      vertex 38.266216310431666 15.562064024085121 5
    endloop
  endfacet
  facet normal 0.9825033017377268 0.18624516658014273 1.1840066691929049e-17
    outer loop
      vertex 38.29051955684871 15.433856563531165 5.009781341552735
      vertex 38.266216310431666 15.562064024085121 5
      vertex 38.266216310431666 15.562064024085121 5.009781341552735
    endloop
  endfacet
  facet normal 0.0747174411680439 0.997204745268142 0
    outer loop
      vertex 37.76328540953933 15.904844708559537 5.009781341552735
      vertex 37.8934259930252 15.895093680562207 5.009781341552735
      vertex 37.76328540953933 15.904844708559537 5
    endloop
  endfacet
  facet normal 0 0 1
    outer loop
      vertex 38.01658523269863 15.852004282573041 5.009781341552735
      vertex 37.8934259930252 15.895093680562207 5.009781341552735
      vertex 37.76328540953933 15.904844708559537 5.009781341552735
    endloop
  endfacet
  facet normal 0.0747174411680439 0.997204745268142 0
    outer loop
      vertex 37.8934259930252 15.895093680562207 5.009781341552735
      vertex 37.8934259930252 15.895093680562207 5
      vertex 37.76328540953933 15.904844708559537 5
    endloop
  endfacet
  facet normal 0.33023888659005984 0.9438973873169465 1.4551034371416664e-16
    outer loop
      vertex 38.01658523269863 15.852004282573041 5.009781341552735
      vertex 37.8934259930252 15.895093680562207 5
      vertex 37.8934259930252 15.895093680562207 5.009781341552735
    endloop
  endfacet
  facet normal 0.33023888659005984 0.9438973873169465 0
    outer loop
      vertex 38.01658523269863 15.852004282573041 5.009781341552735
      vertex 38.01658523269863 15.852004282573041 5
      vertex 37.8934259930252 15.895093680562207 5
    endloop
  endfacet
  facet normal 0 0 -1
    outer loop
      vertex 21.52817744492498 26.374586351759085 0.009781341552734801
      vertex 35 24 0.009781341552734801
      vertex 25 24 0.009781341552734801
    endloop
  endfacet
  facet normal 0 0 -1
    outer loop
      vertex 21.52817744492498 26.374586351759085 0.009781341552734801
      vertex 43.546812673164844 29.759652636582153 0.009781341552734801
      vertex 35 24 0.009781341552734801
    endloop
  endfacet
  facet normal 0 0 -1
    outer loop
      vertex 35 22.067827843065526 0.009781341552734801
      vertex 35 24 0.009781341552734801
      vertex 43.546812673164844 29.759652636582153 0.009781341552734801
    endloop
  endfacet
  facet normal 0 0 -1
    outer loop
      vertex 35 22.067827843065526 0.009781341552734801
      vertex 43.546812673164844 29.759652636582153 0.009781341552734801
      vertex 46.1483718391617 25.153495601236912 0.009781341552734801
    endloop
  endfacet
  facet normal 0.266752727759412 -0.963765003635696 0
    outer loop
      vertex 35 22.067827843065526 0.009781341552734801
      vertex 46.1483718391617 25.153495601236912 0.009781341552734801
      vertex 35 22.067827843065526 5
    endloop
  endfacet
  facet normal 0 0 -1
    outer loop
      vertex 46.1483718391617 25.153495601236912 0.009781341552734801
      vertex 43.546812673164844 29.759652636582153 0.009781341552734801
      vertex 43.76430784022565 32.58317707443258 0.009781341552734801
    endloop
  endfacet
  facet normal 0 0 -1
    outer loop
      vertex 46.1483718391617 25.153495601236912 0.009781341552734801
      vertex 43.76430784022565 32.58317707443258 0.009781341552734801
      vertex 45.72431421211928 32.41169873645331 0.009781341552734801
    endloop
  endfacet
  facet normal 0 0 -1
    outer loop
      vertex 46.1483718391617 25.153495601236912 0.009781341552734801
      vertex 45.72431421211928 32.41169873645331 0.009781341552734801
      vertex 46.089285888336384 32.52677386393969 0.009781341552734801
    endloop
  endfacet
  facet normal 0 0 -1
    outer loop
      vertex 46.1483718391617 25.153495601236912 0.009781341552734801
      vertex 46.089285888336384 32.52677386393969 0.009781341552734801
      vertex 46.26598943253899 32.866218214125354 0.009781341552734801
    endloop
  endfacet
  facet normal 0 0 -1
    outer loop
      vertex 46.1483718391617 25.153495601236912 0.009781341552734801
      vertex 46.26598943253899 32.866218214125354 0.009781341552734801
      vertex 46.41048702291772 33.86010096073615 0.009781341552734801
    endloop
  endfacet
  facet normal 0 0 -1
    outer loop
      vertex 46.26598943253899 32.866218214125354 0.009781341552734801
      vertex 46.35314517528664 33.862412912217096 0.009781341552734801
      vertex 46.41048702291772 33.86010096073615 0.009781341552734801
    endloop
  endfacet
  facet normal 0 0 -1
    outer loop
      vertex 46.35314517528664 33.862412912217096 0.009781341552734801
      vertex 46.352631728856494 33.864041356246254 0.009781341552734801
      vertex 46.41048702291772 33.86010096073615 0.009781341552734801
    endloop
  endfacet
  facet normal -0.15195123726981802 0.9883879913739196 -1.5686494670469234e-17
    outer loop
      vertex 21.52817744492498 26.374586351759085 0.009781341552734801
      vertex 43.546812673164844 29.759652636582153 5.009781341552735
      vertex 43.546812673164844 29.759652636582153 0.009781341552734801
    endloop
  endfacet
  facet normal 0.9995471425098554 -0.030091691550706474 0
    outer loop
      vertex 46.1483718391617 25.153495601236912 0.009781341552734801
      vertex 46.41048702291772 33.86010096073615 0.009781341552734801
      vertex 46.1483718391617 25.153495601236912 5.009781341552735
    endloop
  endfacet
  facet normal -0.9970463524367691 0.07680215552010321 3.851024557214426e-18
    outer loop
      vertex 43.546812673164844 29.759652636582153 0.009781341552734801
      vertex 43.76430784022565 32.58317707443258 5
      vertex 43.76430784022565 32.58317707443258 0.009781341552734801
    endloop
  endfacet
  facet normal 0.06795036047090758 0.9976887032095099 3.9606140385242945e-20
    outer loop
      vertex 46.352631728856494 33.864041356246254 0.009781341552734801
      vertex 46.41048702291772 33.86010096073615 5.009781341552735
      vertex 46.41048702291772 33.86010096073615 0.009781341552734801
    endloop
  endfacet
  facet normal 0 0 1
    outer loop
      vertex 14.618700798500356 21.16570449080579 5.009781341552735
      vertex 32.46109283900671 15.607178543982638 5.009781341552735
      vertex 32.92569301361489 21.493697173513024 5.009781341552735
    endloop
  endfacet
  facet normal 0 0 1
    outer loop
      vertex 14.618700798500356 21.16570449080579 5.009781341552735
      vertex 32.92569301361489 21.493697173513024 5.009781341552735
      vertex 21.52817744492498 26.374586351759085 5.009781341552735
    endloop
  endfacet
  facet normal 0.9968998090657597 -0.07868145070251185 1.3231082690655034e-15
    outer loop
      vertex 32.46109283900671 15.607178543982638 5
      vertex 32.92569301361489 21.493697173513024 5
      vertex 32.92569301361489 21.493697173513024 5.009781341552735
    endloop
  endfacet
  facet normal 0.26675272775941133 -0.9637650036356961 0
    outer loop
      vertex 32.92569301361489 21.493697173513024 5
      vertex 35 22.067827843065526 5
      vertex 32.92569301361489 21.493697173513024 5.009781341552735
    endloop
  endfacet
  facet normal 0 0 1
    outer loop
      vertex 21.52817744492498 26.374586351759085 5.009781341552735
      vertex 32.92569301361489 21.493697173513024 5.009781341552735
      vertex 43.546812673164844 29.759652636582153 5.009781341552735
    endloop
  endfacet
  facet normal -0.15195123726981802 0.9883879913739196 0
    outer loop
      vertex 21.52817744492498 26.374586351759085 0.009781341552734801
      vertex 21.52817744492498 26.374586351759085 5.009781341552735
      vertex 43.546812673164844 29.759652636582153 5.009781341552735
    endloop
  endfacet
  facet normal 0.266752727759412 -0.963765003635696 0
    outer loop
      vertex 46.1483718391617 25.153495601236912 0.009781341552734801
      vertex 46.1483718391617 25.153495601236912 5.009781341552735
      vertex 35 22.067827843065526 5
    endloop
  endfacet
  facet normal 0.2667527277594119 -0.963765003635696 1.2848191435025893e-13
    outer loop
      vertex 32.92569301361489 21.493697173513024 5.009781341552735
      vertex 35 22.067827843065526 5
      vertex 46.1483718391617 25.153495601236912 5.009781341552735
    endloop
  endfacet
  facet normal 0 0 1
    outer loop
      vertex 32.92569301361489 21.493697173513024 5.009781341552735
      vertex 46.1483718391617 25.153495601236912 5.009781341552735
      vertex 43.546812673164844 29.759652636582153 5.009781341552735
    endloop
  endfacet
  facet normal -0.9970463524367691 0.07680215552010321 0
    outer loop
      vertex 43.546812673164844 29.759652636582153 0.009781341552734801
      vertex 43.546812673164844 29.759652636582153 5.009781341552735
      vertex 43.76430784022565 32.58317707443258 5
    endloop
  endfacet
  facet normal 0.9995471425098554 -0.030091691550706474 0
    outer loop
      vertex 46.41048702291772 33.86010096073615 0.009781341552734801
      vertex 46.41048702291772 33.86010096073615 5.009781341552735
      vertex 46.1483718391617 25.153495601236912 5.009781341552735
    endloop
  endfacet
  facet normal 0.06795036047090759 0.9976887032095101 0
    outer loop
      vertex 46.352631728856494 33.864041356246254 0.009781341552734801
      vertex 46.352631728856494 33.864041356246254 5
      vertex 46.41048702291772 33.86010096073615 5.009781341552735
    endloop
  endfacet
  facet normal 0 0 1
    outer loop
      vertex 46.1483718391617 25.153495601236912 5.009781341552735
      vertex 46.41048702291772 33.86010096073615 5.009781341552735
      vertex 43.546812673164844 29.759652636582153 5.009781341552735
    endloop
  endfacet
  facet normal -0.06794776573458049 -0.9976888799278453 0
    outer loop
      vertex 42.305686239505505 32.85521469052579 5
      vertex 43.777541282915294 32.754973760014366 5.009781341552735
      vertex 42.305686239505505 32.85521469052579 5.009781341552735
    endloop
  endfacet
  facet normal -0.06794776573458049 -0.9976888799278453 3.0388877358755536e-16
    outer loop
      vertex 42.305686239505505 32.85521469052579 5
      vertex 43.777541282915294 32.754973760014366 5
      vertex 43.777541282915294 32.754973760014366 5.009781341552735
    endloop
  endfacet
  facet normal -0.8328839410672494 -0.5534476856147168 0
    outer loop
      vertex 41.96290421736843 33.02534704650992 5
      vertex 41.96290421736843 33.02534704650992 5.009781341552735
      vertex 41.89066544296979 33.134059245843055 5
    endloop
  endfacet
  facet normal -0.9477556150446933 -0.31899732624468075 -7.037197168395849e-17
    outer loop
      vertex 41.89066544296979 33.134059245843055 5.009781341552735
      vertex 41.84902838670712 33.257764840279954 5.009781341552735
      vertex 41.84902838670712 33.257764840279954 5
    endloop
  endfacet
  facet normal -0.8328839410672494 -0.5534476856147168 2.8281289090927606e-16
    outer loop
      vertex 41.96290421736843 33.02534704650992 5.009781341552735
      vertex 41.89066544296979 33.134059245843055 5.009781341552735
      vertex 41.89066544296979 33.134059245843055 5
    endloop
  endfacet
  facet normal -0.9477556150446933 -0.31899732624468075 0
    outer loop
      vertex 41.89066544296979 33.134059245843055 5
      vertex 41.89066544296979 33.134059245843055 5.009781341552735
      vertex 41.84902838670712 33.257764840279954 5
    endloop
  endfacet
  facet normal -0.9980176302738943 -0.062934963752117 0
    outer loop
      vertex 41.84902838670712 33.257764840279954 5
      vertex 41.84902838670712 33.257764840279954 5.009781341552735
      vertex 41.84081345344584 33.38803659603359 5
    endloop
  endfacet
  facet normal -0.9980176302738943 -0.062934963752117 3.2701904952781993e-17
    outer loop
      vertex 41.84902838670712 33.257764840279954 5.009781341552735
      vertex 41.84081345344584 33.38803659603359 5.009781341552735
      vertex 41.84081345344584 33.38803659603359 5
    endloop
  endfacet
  facet normal -0.9976865566532863 0.06798187018101774 0
    outer loop
      vertex 41.84081345344584 33.38803659603359 5
      vertex 41.84081345344584 33.38803659603359 5.009781341552735
      vertex 41.85994904023802 33.66886614140203 5
    endloop
  endfacet
  facet normal -0.9976865566532863 0.06798187018101774 5.395947700964079e-17
    outer loop
      vertex 41.84081345344584 33.38803659603359 5.009781341552735
      vertex 41.85994904023802 33.66886614140203 5.009781341552735
      vertex 41.85994904023802 33.66886614140203 5
    endloop
  endfacet
  facet normal -0.9802973854491497 0.19752730464814575 0
    outer loop
      vertex 41.85994904023802 33.66886614140203 5
      vertex 41.85994904023802 33.66886614140203 5.009781341552735
      vertex 41.88573157040373 33.796820840914215 5
    endloop
  endfacet
  facet normal -0.9802973854491497 0.19752730464814575 -1.5983738424509544e-16
    outer loop
      vertex 41.85994904023802 33.66886614140203 5.009781341552735
      vertex 41.88573157040373 33.796820840914215 5.009781341552735
      vertex 41.88573157040373 33.796820840914215 5
    endloop
  endfacet
  facet normal -0.8957083299530411 0.4446420893850854 0
    outer loop
      vertex 41.88573157040373 33.796820840914215 5
      vertex 41.88573157040373 33.796820840914215 5.009781341552735
      vertex 41.943771910243605 33.913740082499686 5
    endloop
  endfacet
  facet normal -0.8957083299530411 0.4446420893850854 -1.4731944901281537e-16
    outer loop
      vertex 41.88573157040373 33.796820840914215 5.009781341552735
      vertex 41.943771910243605 33.913740082499686 5.009781341552735
      vertex 41.943771910243605 33.913740082499686 5
    endloop
  endfacet
  facet normal -0.44457278627125096 -0.8957427296422876 0
    outer loop
      vertex 42.06081229840784 32.93903756053137 5
      vertex 42.17773943100225 32.88100457917637 5.009781341552735
      vertex 42.06081229840784 32.93903756053137 5.009781341552735
    endloop
  endfacet
  facet normal -0.44457278627125096 -0.8957427296422876 -1.022703450826209e-16
    outer loop
      vertex 42.06081229840784 32.93903756053137 5
      vertex 42.17773943100225 32.88100457917637 5
      vertex 42.17773943100225 32.88100457917637 5.009781341552735
    endloop
  endfacet
  facet normal 0 0 1
    outer loop
      vertex 41.96290421736843 33.02534704650992 5.009781341552735
      vertex 42.06081229840784 32.93903756053137 5.009781341552735
      vertex 42.305686239505505 32.85521469052579 5.009781341552735
    endloop
  endfacet
  facet normal -0.6612769516688071 -0.7501418487137017 0
    outer loop
      vertex 41.96290421736843 33.02534704650992 5
      vertex 42.06081229840784 32.93903756053137 5.009781341552735
      vertex 41.96290421736843 33.02534704650992 5.009781341552735
    endloop
  endfacet
  facet normal -0.6612769516688071 -0.7501418487137017 -6.497458594122944e-16
    outer loop
      vertex 41.96290421736843 33.02534704650992 5
      vertex 42.06081229840784 32.93903756053137 5
      vertex 42.06081229840784 32.93903756053137 5.009781341552735
    endloop
  endfacet
  facet normal 0 0 1
    outer loop
      vertex 41.96290421736843 33.02534704650992 5.009781341552735
      vertex 42.305686239505505 32.85521469052579 5.009781341552735
      vertex 41.89066544296979 33.134059245843055 5.009781341552735
    endloop
  endfacet
  facet normal 0 0 1
    outer loop
      vertex 41.89066544296979 33.134059245843055 5.009781341552735
      vertex 42.305686239505505 32.85521469052579 5.009781341552735
      vertex 41.84902838670712 33.257764840279954 5.009781341552735
    endloop
  endfacet
  facet normal 0 0 1
    outer loop
      vertex 42.06081229840784 32.93903756053137 5.009781341552735
      vertex 42.17773943100225 32.88100457917637 5.009781341552735
      vertex 42.305686239505505 32.85521469052579 5.009781341552735
    endloop
  endfacet
  facet normal -0.1975931895034564 -0.98028410752284 0
    outer loop
      vertex 42.17773943100225 32.88100457917637 5
      vertex 42.305686239505505 32.85521469052579 5.009781341552735
      vertex 42.17773943100225 32.88100457917637 5.009781341552735
    endloop
  endfacet
  facet normal -0.1975931895034564 -0.98028410752284 1.359005581928124e-18
    outer loop
      vertex 42.17773943100225 32.88100457917637 5
      vertex 42.305686239505505 32.85521469052579 5
      vertex 42.305686239505505 32.85521469052579 5.009781341552735
    endloop
  endfacet
  facet normal 0 0 1
    outer loop
      vertex 41.84902838670712 33.257764840279954 5.009781341552735
      vertex 42.305686239505505 32.85521469052579 5.009781341552735
      vertex 41.84081345344584 33.38803659603359 5.009781341552735
    endloop
  endfacet
  facet normal 0 0 1
    outer loop
      vertex 41.84081345344584 33.38803659603359 5.009781341552735
      vertex 42.305686239505505 32.85521469052579 5.009781341552735
      vertex 42.39276332099891 34.13373919372371 5.009781341552735
    endloop
  endfacet
  facet normal 0 0 1
    outer loop
      vertex 41.84081345344584 33.38803659603359 5.009781341552735
      vertex 42.39276332099891 34.13373919372371 5.009781341552735
      vertex 41.85994904023802 33.66886614140203 5.009781341552735
    endloop
  endfacet
  facet normal 0 0 1
    outer loop
      vertex 41.85994904023802 33.66886614140203 5.009781341552735
      vertex 42.39276332099891 34.13373919372371 5.009781341552735
      vertex 41.88573157040373 33.796820840914215 5.009781341552735
    endloop
  endfacet
  facet normal 0 0 1
    outer loop
      vertex 42.305686239505505 32.85521469052579 5.009781341552735
      vertex 43.777541282915294 32.754973760014366 5.009781341552735
      vertex 42.39276332099891 34.13373919372371 5.009781341552735
    endloop
  endfacet
  facet normal -0.7501663807911213 0.6612491218374135 0
    outer loop
      vertex 41.943771910243605 33.913740082499686 5
      vertex 41.943771910243605 33.913740082499686 5.009781341552735
      vertex 42.030081662484186 34.011655788286006 5
    endloop
  endfacet
  facet normal -0.7501663807911213 0.6612491218374135 6.000755173538956e-16
    outer loop
      vertex 41.943771910243605 33.913740082499686 5.009781341552735
      vertex 42.030081662484186 34.011655788286006 5.009781341552735
      vertex 42.030081662484186 34.011655788286006 5
    endloop
  endfacet
  facet normal 0 0 1
    outer loop
      vertex 41.88573157040373 33.796820840914215 5.009781341552735
      vertex 42.39276332099891 34.13373919372371 5.009781341552735
      vertex 41.943771910243605 33.913740082499686 5.009781341552735
    endloop
  endfacet
  facet normal 0 0 1
    outer loop
      vertex 41.943771910243605 33.913740082499686 5.009781341552735
      vertex 42.39276332099891 34.13373919372371 5.009781341552735
      vertex 42.030081662484186 34.011655788286006 5.009781341552735
    endloop
  endfacet
  facet normal -0.5534476856146792 0.8328839410672746 0
    outer loop
      vertex 42.030081662484186 34.011655788286006 5
      vertex 42.030081662484186 34.011655788286006 5.009781341552735
      vertex 42.13879386181732 34.08389456268464 5
    endloop
  endfacet
  facet normal -0.5534476856146792 0.8328839410672746 -6.702841923164959e-16
    outer loop
      vertex 42.030081662484186 34.011655788286006 5.009781341552735
      vertex 42.13879386181732 34.08389456268464 5.009781341552735
      vertex 42.13879386181732 34.08389456268464 5
    endloop
  endfacet
  facet normal 0 0 1
    outer loop
      vertex 42.030081662484186 34.011655788286006 5.009781341552735
      vertex 42.39276332099891 34.13373919372371 5.009781341552735
      vertex 42.13879386181732 34.08389456268464 5.009781341552735
    endloop
  endfacet
  facet normal -0.3189973262446971 0.9477556150446877 0
    outer loop
      vertex 42.13879386181732 34.08389456268464 5
      vertex 42.13879386181732 34.08389456268464 5.009781341552735
      vertex 42.26249945625421 34.12553161894731 5
    endloop
  endfacet
  facet normal -0.3189973262446971 0.9477556150446877 8.70866453001908e-18
    outer loop
      vertex 42.13879386181732 34.08389456268464 5.009781341552735
      vertex 42.26249945625421 34.12553161894731 5.009781341552735
      vertex 42.26249945625421 34.12553161894731 5
    endloop
  endfacet
  facet normal 0 0 1
    outer loop
      vertex 42.13879386181732 34.08389456268464 5.009781341552735
      vertex 42.39276332099891 34.13373919372371 5.009781341552735
      vertex 42.26249945625421 34.12553161894731 5.009781341552735
    endloop
  endfacet
  facet normal -0.06288260701937588 0.9980209305091986 0
    outer loop
      vertex 42.26249945625421 34.12553161894731 5
      vertex 42.26249945625421 34.12553161894731 5.009781341552735
      vertex 42.39276332099891 34.13373919372371 5
    endloop
  endfacet
  facet normal -0.06288260701937588 0.9980209305091986 -3.078313226582244e-17
    outer loop
      vertex 42.26249945625421 34.12553161894731 5.009781341552735
      vertex 42.39276332099891 34.13373919372371 5.009781341552735
      vertex 42.39276332099891 34.13373919372371 5
    endloop
  endfacet
  facet normal -0.997046352436769 0.07680215552010389 1.9900137221356062e-13
    outer loop
      vertex 43.546812673164844 29.759652636582153 5.009781341552735
      vertex 43.777541282915294 32.754973760014366 5.009781341552735
      vertex 43.76430784022565 32.58317707443258 5
    endloop
  endfacet
  facet normal -0.9970463524367681 0.07680215552011506 -1.9136887767320834e-17
    outer loop
      vertex 43.76430784022565 32.58317707443258 5
      vertex 43.777541282915294 32.754973760014366 5.009781341552735
      vertex 43.777541282915294 32.754973760014366 5
    endloop
  endfacet
  facet normal 0 0 1
    outer loop
      vertex 43.546812673164844 29.759652636582153 5.009781341552735
      vertex 46.41048702291772 33.86010096073615 5.009781341552735
      vertex 43.777541282915294 32.754973760014366 5.009781341552735
    endloop
  endfacet
  facet normal 0 0 1
    outer loop
      vertex 42.39276332099891 34.13373919372371 5.009781341552735
      vertex 43.777541282915294 32.754973760014366 5.009781341552735
      vertex 46.41048702291772 33.86010096073615 5.009781341552735
    endloop
  endfacet
  facet normal 0.06795036047091092 0.9976887032095098 0
    outer loop
      vertex 42.39276332099891 34.13373919372371 5
      vertex 42.39276332099891 34.13373919372371 5.009781341552735
      vertex 46.352631728856494 33.864041356246254 5
    endloop
  endfacet
  facet normal 0.06795036047091088 0.9976887032095099 -1.8265609574817243e-14
    outer loop
      vertex 42.39276332099891 34.13373919372371 5.009781341552735
      vertex 46.41048702291772 33.86010096073615 5.009781341552735
      vertex 46.352631728856494 33.864041356246254 5
    endloop
  endfacet
  facet normal -1 0 0
    outer loop
      vertex 4 1.003855247725928 0.009781341552734801
      vertex 4 6.944429766980398 0.16853038769745476
      vertex 4 7.304909677983872 0.01921471959676957
    endloop
  endfacet
  facet normal -1 0 0
    outer loop
      vertex 4 1.003855247725928 0.009781341552734801
      vertex 4 6.668530387697455 0.4444297669803978
      vertex 4 6.944429766980398 0.16853038769745476
    endloop
  endfacet
  facet normal -1 0 0
    outer loop
      vertex 4 1.003855247725928 0.009781341552734801
      vertex 4 6.51921471959677 0.8049096779838718
      vertex 4 6.668530387697455 0.4444297669803978
    endloop
  endfacet
  facet normal -1 0 0
    outer loop
      vertex 4 1.003855247725928 0.009781341552734801
      vertex 4 7.304909677983872 0.01921471959676957
      vertex 4 20.020635708684406 0.009781341552734801
    endloop
  endfacet
  facet normal -1 0 0
    outer loop
      vertex 4 1.003855247725928 0.009781341552734801
      vertex 4 6.51921471959677 4.195090322016128
      vertex 4 6.51921471959677 0.8049096779838718
    endloop
  endfacet
  facet normal -1 0 0
    outer loop
      vertex 4 7.304909677983872 0.01921471959676957
      vertex 4 10.695090322016128 0.01921471959676957
      vertex 4 20.020635708684406 0.009781341552734801
    endloop
  endfacet
  facet normal -1 0 0
    outer loop
      vertex 4 10.695090322016128 0.01921471959676957
      vertex 4 11.055570233019601 0.16853038769745476
      vertex 4 20.020635708684406 0.009781341552734801
    endloop
  endfacet
  facet normal -1 0 0
    outer loop
      vertex 4 11.055570233019601 0.16853038769745476
      vertex 4 11.331469612302545 0.4444297669803978
      vertex 4 20.020635708684406 0.009781341552734801
    endloop
  endfacet
  facet normal -1 0 0
    outer loop
      vertex 4 11.331469612302545 0.4444297669803978
      vertex 4 11.48078528040323 0.8049096779838718
      vertex 4 20.020635708684406 0.009781341552734801
    endloop
  endfacet
  facet normal -1 0 0
    outer loop
      vertex 4 11.48078528040323 0.8049096779838718
      vertex 4 20.020635708684406 5.009781341552735
      vertex 4 20.020635708684406 0.009781341552734801
    endloop
  endfacet
  facet normal -1 0 0
    outer loop
      vertex 4 1.003855247725928 0.009781341552734801
      vertex 4 1.003855247725928 5.009781341552735
      vertex 4 6.51921471959677 4.195090322016128
    endloop
  endfacet
  facet normal -1 0 0
    outer loop
      vertex 4 1.003855247725928 5.009781341552735
      vertex 4 6.668530387697455 4.555570233019602
      vertex 4 6.51921471959677 4.195090322016128
    endloop
  endfacet
  facet normal -1 0 0
    outer loop
      vertex 4 1.003855247725928 5.009781341552735
      vertex 4 6.944429766980398 4.831469612302545
      vertex 4 6.668530387697455 4.555570233019602
    endloop
  endfacet
  facet normal -1 0 0
    outer loop
      vertex 4 1.003855247725928 5.009781341552735
      vertex 4 7.304909677983872 4.98078528040323
      vertex 4 6.944429766980398 4.831469612302545
    endloop
  endfacet
  facet normal -1 0 0
    outer loop
      vertex 4 1.003855247725928 5.009781341552735
      vertex 4 20.020635708684406 5.009781341552735
      vertex 4 7.304909677983872 4.98078528040323
    endloop
  endfacet
  facet normal -1 0 0
    outer loop
      vertex 4 11.48078528040323 0.8049096779838718
      vertex 4 11.48078528040323 4.195090322016128
      vertex 4 20.020635708684406 5.009781341552735
    endloop
  endfacet
  facet normal -1 0 0
    outer loop
      vertex 4 7.304909677983872 4.98078528040323
      vertex 4 20.020635708684406 5.009781341552735
      vertex 4 10.695090322016128 4.98078528040323
    endloop
  endfacet
  facet normal -1 0 0
    outer loop
      vertex 4 11.48078528040323 4.195090322016128
      vertex 4 11.331469612302545 4.555570233019602
      vertex 4 20.020635708684406 5.009781341552735
    endloop
  endfacet
  facet normal -1 0 0
    outer loop
      vertex 4 11.331469612302545 4.555570233019602
      vertex 4 11.055570233019601 4.831469612302545
      vertex 4 20.020635708684406 5.009781341552735
    endloop
  endfacet
  facet normal -1 0 0
    outer loop
      vertex 4 11.055570233019601 4.831469612302545
      vertex 4 10.695090322016128 4.98078528040323
      vertex 4 20.020635708684406 5.009781341552735
    endloop
  endfacet
  facet normal -0.3234875065416019 -0.21614744150487716 -0.9212144791753942
    outer loop
      vertex -0.5132799671593367 7.287392476308186 0.16853038769745476
      vertex -0.180239955501737 7.425342165949657 0.01921471959676957
      vertex -0.392847479193551 7.107152520806449 0.16853038769745476
    endloop
  endfacet
  facet normal -0.21614744150487555 -0.32348750654160335 -0.9212144791753941
    outer loop
      vertex -0.13794968964147147 7.362050310358528 0.01921471959676957
      vertex -0.07465783405034254 7.319760044498263 0.01921471959676957
      vertex -0.392847479193551 7.107152520806449 0.16853038769745476
    endloop
  endfacet
  facet normal -0.3234875065416016 -0.21614744150487739 -0.9212144791753942
    outer loop
      vertex -0.13794968964147147 7.362050310358528 0.01921471959676957
      vertex -0.392847479193551 7.107152520806449 0.16853038769745476
      vertex -0.180239955501737 7.425342165949657 0.01921471959676957
    endloop
  endfacet
  facet normal -0.07590088788047261 -0.38157953112891524 -0.9212144791753945
    outer loop
      vertex -0.07465783405034254 7.319760044498263 0.01921471959676957
      vertex 0 7.304909677983872 0.01921471959676957
      vertex 0 6.944429766980398 0.16853038769745476
    endloop
  endfacet
  facet normal -0.07590088788047294 -0.38157953112891524 -0.9212144791753943
    outer loop
      vertex -0.07465783405034254 7.319760044498263 0.01921471959676957
      vertex 0 6.944429766980398 0.16853038769745476
      vertex -0.21260752369181413 6.986720032840664 0.16853038769745476
    endloop
  endfacet
  facet normal -0.2161474415048769 -0.3234875065416015 -0.9212144791753943
    outer loop
      vertex -0.07465783405034254 7.319760044498263 0.01921471959676957
      vertex -0.21260752369181413 6.986720032840664 0.16853038769745476
      vertex -0.392847479193551 7.107152520806449 0.16853038769745476
    endloop
  endfacet
  facet normal -0.700214507282553 -0.13928132531715384 -0.7002145072825534
    outer loop
      vertex -0.5132799671593367 7.287392476308186 0.16853038769745476
      vertex -0.7681777567114163 7.1818103548567915 0.4444297669803978
      vertex -0.5555702330196022 7.5 0.16853038769745476
    endloop
  endfacet
  facet normal -0.5936131960091 -0.39663965676028096 -0.7002145072825529
    outer loop
      vertex -0.5132799671593367 7.287392476308186 0.16853038769745476
      vertex -0.392847479193551 7.107152520806449 0.16853038769745476
      vertex -0.5879378012096794 6.912062198790321 0.4444297669803978
    endloop
  endfacet
  facet normal -0.39663965676028107 -0.5936131960091001 -0.7002145072825527
    outer loop
      vertex -0.392847479193551 7.107152520806449 0.16853038769745476
      vertex -0.21260752369181413 6.986720032840664 0.16853038769745476
      vertex -0.5879378012096794 6.912062198790321 0.4444297669803978
    endloop
  endfacet
  facet normal -0.13928132531715406 -0.700214507282552 -0.700214507282554
    outer loop
      vertex -0.21260752369181413 6.986720032840664 0.16853038769745476
      vertex 0 6.944429766980398 0.16853038769745476
      vertex -0.31818964514320847 6.731822243288583 0.4444297669803978
    endloop
  endfacet
  facet normal 0 0 -1
    outer loop
      vertex -0.13794968964147147 7.362050310358528 0.01921471959676957
      vertex -0.180239955501737 7.425342165949657 0.01921471959676957
      vertex 4 7.304909677983872 0.01921471959676957
    endloop
  endfacet
  facet normal 0 0 -1
    outer loop
      vertex -0.13794968964147147 7.362050310358528 0.01921471959676957
      vertex 4 7.304909677983872 0.01921471959676957
      vertex -0.07465783405034254 7.319760044498263 0.01921471959676957
    endloop
  endfacet
  facet normal 0 0 -1
    outer loop
      vertex -0.07465783405034254 7.319760044498263 0.01921471959676957
      vertex 4 7.304909677983872 0.01921471959676957
      vertex 0 7.304909677983872 0.01921471959676957
    endloop
  endfacet
  facet normal 0 -0.3826834323650895 -0.9238795325112868
    outer loop
      vertex 0 7.304909677983872 0.01921471959676957
      vertex 4 7.304909677983872 0.01921471959676957
      vertex 0 6.944429766980398 0.16853038769745476
    endloop
  endfacet
  facet normal 0 -0.7071067811865479 -0.707106781186547
    outer loop
      vertex 0 6.944429766980398 0.16853038769745476
      vertex 4 6.944429766980398 0.16853038769745476
      vertex 0 6.668530387697455 0.4444297669803978
    endloop
  endfacet
  facet normal -0.593613196009099 -0.39663965676028157 -0.7002145072825534
    outer loop
      vertex -0.5132799671593367 7.287392476308186 0.16853038769745476
      vertex -0.5879378012096794 6.912062198790321 0.4444297669803978
      vertex -0.7681777567114163 7.1818103548567915 0.4444297669803978
    endloop
  endfacet
  facet normal -0.3966396567602822 -0.5936131960090982 -0.7002145072825537
    outer loop
      vertex -0.21260752369181413 6.986720032840664 0.16853038769745476
      vertex -0.31818964514320847 6.731822243288583 0.4444297669803978
      vertex -0.5879378012096794 6.912062198790321 0.4444297669803978
    endloop
  endfacet
  facet normal -0.13928132531715193 -0.7002145072825536 -0.7002145072825529
    outer loop
      vertex 0 6.944429766980398 0.16853038769745476
      vertex 0 6.668530387697455 0.4444297669803978
      vertex -0.31818964514320847 6.731822243288583 0.4444297669803978
    endloop
  endfacet
  facet normal -0.5147164328119492 -0.770327579484985 -0.37638067707860146
    outer loop
      vertex -0.31818964514320847 6.731822243288583 0.4444297669803978
      vertex -0.3753302775178653 6.593872553647112 0.8049096779838718
      vertex -0.5879378012096794 6.912062198790321 0.4444297669803978
    endloop
  endfacet
  facet normal -0.7703275794849852 -0.5147164328119478 -0.37638067707860284
    outer loop
      vertex -0.7681777567114163 7.1818103548567915 0.4444297669803978
      vertex -0.5879378012096794 6.912062198790321 0.4444297669803978
      vertex -0.9061274463528878 7.1246697224821345 0.8049096779838718
    endloop
  endfacet
  facet normal -0.9086633352183306 -0.180744375159374 -0.37638067707860257
    outer loop
      vertex -0.7681777567114163 7.1818103548567915 0.4444297669803978
      vertex -0.9061274463528878 7.1246697224821345 0.8049096779838718
      vertex -0.8314696123025452 7.5 0.4444297669803978
    endloop
  endfacet
  facet normal -0.18074437515937194 -0.9086633352183314 -0.37638067707860107
    outer loop
      vertex -0.31818964514320847 6.731822243288583 0.4444297669803978
      vertex 0 6.668530387697455 0.4444297669803978
      vertex -0.3753302775178653 6.593872553647112 0.8049096779838718
    endloop
  endfacet
  facet normal 0 -0.9238795325112865 -0.38268343236509045
    outer loop
      vertex 0 6.668530387697455 0.4444297669803978
      vertex 4 6.668530387697455 0.4444297669803978
      vertex 0 6.51921471959677 0.8049096779838718
    endloop
  endfacet
  facet normal -0.38157953112891546 -0.07590088788047185 -0.9212144791753943
    outer loop
      vertex -0.180239955501737 7.425342165949657 0.01921471959676957
      vertex -0.5555702330196022 7.5 0.16853038769745476
      vertex -0.1950903220161282 7.5 0.01921471959676957
    endloop
  endfacet
  facet normal -0.38157953112891557 -0.07590088788047274 -0.9212144791753942
    outer loop
      vertex -0.5132799671593367 7.287392476308186 0.16853038769745476
      vertex -0.5555702330196022 7.5 0.16853038769745476
      vertex -0.180239955501737 7.425342165949657 0.01921471959676957
    endloop
  endfacet
  facet normal -0.38268343236508967 0 -0.9238795325112866
    outer loop
      vertex -0.1950903220161282 7.5 0.01921471959676957
      vertex -0.5555702330196022 7.5 0.16853038769745476
      vertex -0.1950903220161282 10.5 0.01921471959676957
    endloop
  endfacet
  facet normal 0 0 -1
    outer loop
      vertex -0.180239955501737 7.425342165949657 0.01921471959676957
      vertex -0.1950903220161282 7.5 0.01921471959676957
      vertex 4 7.304909677983872 0.01921471959676957
    endloop
  endfacet
  facet normal 0 0 -1
    outer loop
      vertex -0.1950903220161282 7.5 0.01921471959676957
      vertex -0.1950903220161282 10.5 0.01921471959676957
      vertex 4 7.304909677983872 0.01921471959676957
    endloop
  endfacet
  facet normal 0 0 -1
    outer loop
      vertex 4 7.304909677983872 0.01921471959676957
      vertex -0.1950903220161282 10.5 0.01921471959676957
      vertex -0.180239955501737 10.574657834050342 0.01921471959676957
    endloop
  endfacet
  facet normal -0.7002145072825531 -0.1392813253171535 -0.7002145072825531
    outer loop
      vertex -0.7681777567114163 7.1818103548567915 0.4444297669803978
      vertex -0.8314696123025452 7.5 0.4444297669803978
      vertex -0.5555702330196022 7.5 0.16853038769745476
    endloop
  endfacet
  facet normal -0.7071067811865475 5.393192071554562e-18 -0.7071067811865475
    outer loop
      vertex -0.5555702330196022 7.5 0.16853038769745476
      vertex -0.8314696123025452 7.5 0.4444297669803978
      vertex -0.8314696123025452 10.5 0.4444297669803978
    endloop
  endfacet
  facet normal -0.9238795325112866 0 -0.38268343236508967
    outer loop
      vertex -0.8314696123025452 7.5 0.4444297669803978
      vertex -0.9807852804032304 7.5 0.8049096779838718
      vertex -0.8314696123025452 10.5 0.4444297669803978
    endloop
  endfacet
  facet normal 0 -0.3826834323650895 -0.9238795325112868
    outer loop
      vertex 0 6.944429766980398 0.16853038769745476
      vertex 4 7.304909677983872 0.01921471959676957
      vertex 4 6.944429766980398 0.16853038769745476
    endloop
  endfacet
  facet normal 0 -0.7071067811865479 -0.707106781186547
    outer loop
      vertex 0 6.668530387697455 0.4444297669803978
      vertex 4 6.944429766980398 0.16853038769745476
      vertex 4 6.668530387697455 0.4444297669803978
    endloop
  endfacet
  facet normal -0.514716432811947 -0.7703275794849854 -0.3763806770786032
    outer loop
      vertex -0.5879378012096794 6.912062198790321 0.4444297669803978
      vertex -0.3753302775178653 6.593872553647112 0.8049096779838718
      vertex -0.6935199226610738 6.806480077338926 0.8049096779838718
    endloop
  endfacet
  facet normal -0.7703275794849852 -0.5147164328119478 -0.376380677078603
    outer loop
      vertex -0.5879378012096794 6.912062198790321 0.4444297669803978
      vertex -0.6935199226610738 6.806480077338926 0.8049096779838718
      vertex -0.9061274463528878 7.1246697224821345 0.8049096779838718
    endloop
  endfacet
  facet normal -0.18074437515937417 -0.9086633352183302 -0.3763806770786031
    outer loop
      vertex 0 6.668530387697455 0.4444297669803978
      vertex 0 6.51921471959677 0.8049096779838718
      vertex -0.3753302775178653 6.593872553647112 0.8049096779838718
    endloop
  endfacet
  facet normal -0.9086633352183305 -0.1807443751593739 -0.37638067707860245
    outer loop
      vertex -0.8314696123025452 7.5 0.4444297669803978
      vertex -0.9061274463528878 7.1246697224821345 0.8049096779838718
      vertex -0.9807852804032304 7.5 0.8049096779838718
    endloop
  endfacet
  facet normal 2.1971447697918057e-18 -0.9238795325112865 -0.38268343236509045
    outer loop
      vertex 4 6.668530387697455 0.4444297669803978
      vertex 4 6.51921471959677 0.8049096779838718
      vertex 0 6.51921471959677 0.8049096779838718
    endloop
  endfacet
  facet normal -0.19509032201612866 -0.9807852804032303 0
    outer loop
      vertex -0.3753302775178653 6.593872553647112 0.8049096779838718
      vertex 0 6.51921471959677 0.8049096779838718
      vertex -0.3753302775178653 6.593872553647112 4.195090322016128
    endloop
  endfacet
  facet normal -0.5555702330196014 -0.8314696123025457 4.171169894264849e-18
    outer loop
      vertex -0.6935199226610738 6.806480077338926 0.8049096779838718
      vertex -0.3753302775178653 6.593872553647112 0.8049096779838718
      vertex -0.3753302775178653 6.593872553647112 4.195090322016128
    endloop
  endfacet
  facet normal -0.8314696123025453 -0.5555702330196021 0
    outer loop
      vertex -0.6935199226610738 6.806480077338926 0.8049096779838718
      vertex -0.6935199226610738 6.806480077338926 4.195090322016128
      vertex -0.9061274463528878 7.1246697224821345 0.8049096779838718
    endloop
  endfacet
  facet normal 0 -1 0
    outer loop
      vertex 0 6.51921471959677 0.8049096779838718
      vertex 4 6.51921471959677 0.8049096779838718
      vertex 0 6.51921471959677 4.195090322016128
    endloop
  endfacet
  facet normal -0.9807852804032304 -0.19509032201612825 -5.526190397563481e-19
    outer loop
      vertex -0.9061274463528878 7.1246697224821345 0.8049096779838718
      vertex -0.9807852804032304 7.5 4.195090322016128
      vertex -0.9807852804032304 7.5 0.8049096779838718
    endloop
  endfacet
  facet normal -1 0 0
    outer loop
      vertex -0.9807852804032304 7.5 0.8049096779838718
      vertex -0.9807852804032304 7.5 4.195090322016128
      vertex -0.9807852804032304 10.5 0.8049096779838718
    endloop
  endfacet
  facet normal -0.38268343236508967 0 -0.9238795325112866
    outer loop
      vertex -0.5555702330196022 7.5 0.16853038769745476
      vertex -0.5555702330196022 10.5 0.16853038769745476
      vertex -0.1950903220161282 10.5 0.01921471959676957
    endloop
  endfacet
  facet normal -0.38157953112891535 0.07590088788047275 -0.9212144791753942
    outer loop
      vertex -0.1950903220161282 10.5 0.01921471959676957
      vertex -0.5555702330196022 10.5 0.16853038769745476
      vertex -0.180239955501737 10.574657834050342 0.01921471959676957
    endloop
  endfacet
  facet normal -0.7071067811865475 0 -0.7071067811865475
    outer loop
      vertex -0.5555702330196022 7.5 0.16853038769745476
      vertex -0.8314696123025452 10.5 0.4444297669803978
      vertex -0.5555702330196022 10.5 0.16853038769745476
    endloop
  endfacet
  facet normal -0.38157953112891535 0.0759008878804727 -0.9212144791753943
    outer loop
      vertex -0.5555702330196022 10.5 0.16853038769745476
      vertex -0.5132799671593367 10.712607523691814 0.16853038769745476
      vertex -0.180239955501737 10.574657834050342 0.01921471959676957
    endloop
  endfacet
  facet normal -0.32348750654160185 0.21614744150487608 -0.9212144791753945
    outer loop
      vertex -0.180239955501737 10.574657834050342 0.01921471959676957
      vertex -0.5132799671593367 10.712607523691814 0.16853038769745476
      vertex -0.392847479193551 10.892847479193552 0.16853038769745476
    endloop
  endfacet
  facet normal -0.21614744150487575 0.32348750654160213 -0.9212144791753943
    outer loop
      vertex -0.13794968964147147 10.637949689641472 0.01921471959676957
      vertex -0.392847479193551 10.892847479193552 0.16853038769745476
      vertex -0.21260752369181413 11.013279967159336 0.16853038769745476
    endloop
  endfacet
  facet normal -0.3234875065416029 0.21614744150487525 -0.9212144791753942
    outer loop
      vertex -0.180239955501737 10.574657834050342 0.01921471959676957
      vertex -0.392847479193551 10.892847479193552 0.16853038769745476
      vertex -0.13794968964147147 10.637949689641472 0.01921471959676957
    endloop
  endfacet
  facet normal -0.21614744150487497 0.32348750654160247 -0.9212144791753946
    outer loop
      vertex -0.13794968964147147 10.637949689641472 0.01921471959676957
      vertex -0.21260752369181413 11.013279967159336 0.16853038769745476
      vertex -0.07465783405034254 10.680239955501737 0.01921471959676957
    endloop
  endfacet
  facet normal -0.07590088788047276 0.381579531128916 -0.921214479175394
    outer loop
      vertex -0.07465783405034254 10.680239955501737 0.01921471959676957
      vertex 0 11.055570233019601 0.16853038769745476
      vertex 0 10.695090322016128 0.01921471959676957
    endloop
  endfacet
  facet normal -0.07590088788047142 0.38157953112891574 -0.9212144791753942
    outer loop
      vertex -0.07465783405034254 10.680239955501737 0.01921471959676957
      vertex -0.21260752369181413 11.013279967159336 0.16853038769745476
      vertex 0 11.055570233019601 0.16853038769745476
    endloop
  endfacet
  facet normal -0.700214507282553 0.13928132531715384 -0.7002145072825534
    outer loop
      vertex -0.5555702330196022 10.5 0.16853038769745476
      vertex -0.7681777567114163 10.818189645143208 0.4444297669803978
      vertex -0.5132799671593367 10.712607523691814 0.16853038769745476
    endloop
  endfacet
  facet normal -0.5936131960091002 0.3966396567602792 -0.7002145072825537
    outer loop
      vertex -0.5132799671593367 10.712607523691814 0.16853038769745476
      vertex -0.7681777567114163 10.818189645143208 0.4444297669803978
      vertex -0.392847479193551 10.892847479193552 0.16853038769745476
    endloop
  endfacet
  facet normal -0.39663965676027824 0.5936131960091002 -0.7002145072825541
    outer loop
      vertex -0.392847479193551 10.892847479193552 0.16853038769745476
      vertex -0.31818964514320847 11.268177756711417 0.4444297669803978
      vertex -0.21260752369181413 11.013279967159336 0.16853038769745476
    endloop
  endfacet
  facet normal -0.13928132531715132 0.7002145072825529 -0.7002145072825537
    outer loop
      vertex -0.21260752369181413 11.013279967159336 0.16853038769745476
      vertex -0.31818964514320847 11.268177756711417 0.4444297669803978
      vertex 0 11.055570233019601 0.16853038769745476
    endloop
  endfacet
  facet normal 0 0 -1
    outer loop
      vertex 4 7.304909677983872 0.01921471959676957
      vertex -0.180239955501737 10.574657834050342 0.01921471959676957
      vertex -0.13794968964147147 10.637949689641472 0.01921471959676957
    endloop
  endfacet
  facet normal 0 0 -1
    outer loop
      vertex 4 7.304909677983872 0.01921471959676957
      vertex -0.13794968964147147 10.637949689641472 0.01921471959676957
      vertex -0.07465783405034254 10.680239955501737 0.01921471959676957
    endloop
  endfacet
  facet normal 0 0 -1
    outer loop
      vertex 4 7.304909677983872 0.01921471959676957
      vertex -0.07465783405034254 10.680239955501737 0.01921471959676957
      vertex 0 10.695090322016128 0.01921471959676957
    endloop
  endfacet
  facet normal 0 0.38268343236509034 -0.9238795325112865
    outer loop
      vertex 0 10.695090322016128 0.01921471959676957
      vertex 0 11.055570233019601 0.16853038769745476
      vertex 4 10.695090322016128 0.01921471959676957
    endloop
  endfacet
  facet normal -0.7002145072825531 0.13928132531715356 -0.7002145072825531
    outer loop
      vertex -0.5555702330196022 10.5 0.16853038769745476
      vertex -0.8314696123025452 10.5 0.4444297669803978
      vertex -0.7681777567114163 10.818189645143208 0.4444297669803978
    endloop
  endfacet
  facet normal -0.5936131960090999 0.39663965676028085 -0.7002145072825529
    outer loop
      vertex -0.392847479193551 10.892847479193552 0.16853038769745476
      vertex -0.7681777567114163 10.818189645143208 0.4444297669803978
      vertex -0.5879378012096794 11.08793780120968 0.4444297669803978
    endloop
  endfacet
  facet normal -0.39663965676028134 0.5936131960091 -0.7002145072825529
    outer loop
      vertex -0.392847479193551 10.892847479193552 0.16853038769745476
      vertex -0.5879378012096794 11.08793780120968 0.4444297669803978
      vertex -0.31818964514320847 11.268177756711417 0.4444297669803978
    endloop
  endfacet
  facet normal -0.13928132531715173 0.7002145072825526 -0.7002145072825541
    outer loop
      vertex 0 11.055570233019601 0.16853038769745476
      vertex -0.31818964514320847 11.268177756711417 0.4444297669803978
      vertex 0 11.331469612302545 0.4444297669803978
    endloop
  endfacet
  facet normal -0.9086633352183308 0.18074437515937403 -0.37638067707860223
    outer loop
      vertex -0.8314696123025452 10.5 0.4444297669803978
      vertex -0.9061274463528878 10.875330277517865 0.8049096779838718
      vertex -0.7681777567114163 10.818189645143208 0.4444297669803978
    endloop
  endfacet
  facet normal -0.7703275794849859 0.5147164328119466 -0.37638067707860284
    outer loop
      vertex -0.7681777567114163 10.818189645143208 0.4444297669803978
      vertex -0.6935199226610738 11.193519922661075 0.8049096779838718
      vertex -0.5879378012096794 11.08793780120968 0.4444297669803978
    endloop
  endfacet
  facet normal -0.514716432811947 0.7703275794849855 -0.3763806770786032
    outer loop
      vertex -0.5879378012096794 11.08793780120968 0.4444297669803978
      vertex -0.6935199226610738 11.193519922661075 0.8049096779838718
      vertex -0.31818964514320847 11.268177756711417 0.4444297669803978
    endloop
  endfacet
  facet normal -0.1807443751593718 0.9086633352183306 -0.37638067707860334
    outer loop
      vertex -0.31818964514320847 11.268177756711417 0.4444297669803978
      vertex 0 11.48078528040323 0.8049096779838718
      vertex 0 11.331469612302545 0.4444297669803978
    endloop
  endfacet
  facet normal -3.7250064570275715e-18 0.7071067811865468 -0.7071067811865482
    outer loop
      vertex 0 11.055570233019601 0.16853038769745476
      vertex 0 11.331469612302545 0.4444297669803978
      vertex 4 11.331469612302545 0.4444297669803978
    endloop
  endfacet
  facet normal 0 0.9238795325112865 -0.38268343236509045
    outer loop
      vertex 0 11.331469612302545 0.4444297669803978
      vertex 0 11.48078528040323 0.8049096779838718
      vertex 4 11.331469612302545 0.4444297669803978
    endloop
  endfacet
  facet normal 0 0 -1
    outer loop
      vertex 4 7.304909677983872 0.01921471959676957
      vertex 0 10.695090322016128 0.01921471959676957
      vertex 4 10.695090322016128 0.01921471959676957
    endloop
  endfacet
  facet normal 0 0.38268343236509034 -0.9238795325112865
    outer loop
      vertex 0 11.055570233019601 0.16853038769745476
      vertex 4 11.055570233019601 0.16853038769745476
      vertex 4 10.695090322016128 0.01921471959676957
    endloop
  endfacet
  facet normal 0 0.7071067811865468 -0.7071067811865482
    outer loop
      vertex 0 11.055570233019601 0.16853038769745476
      vertex 4 11.331469612302545 0.4444297669803978
      vertex 4 11.055570233019601 0.16853038769745476
    endloop
  endfacet
  facet normal -0.9238795325112866 0 -0.38268343236508967
    outer loop
      vertex -0.9807852804032304 7.5 0.8049096779838718
      vertex -0.9807852804032304 10.5 0.8049096779838718
      vertex -0.8314696123025452 10.5 0.4444297669803978
    endloop
  endfacet
  facet normal -0.9086633352183305 0.18074437515937433 -0.37638067707860245
    outer loop
      vertex -0.8314696123025452 10.5 0.4444297669803978
      vertex -0.9807852804032304 10.5 0.8049096779838718
      vertex -0.9061274463528878 10.875330277517865 0.8049096779838718
    endloop
  endfacet
  facet normal -0.7703275794849868 0.5147164328119459 -0.37638067707860196
    outer loop
      vertex -0.7681777567114163 10.818189645143208 0.4444297669803978
      vertex -0.9061274463528878 10.875330277517865 0.8049096779838718
      vertex -0.6935199226610738 11.193519922661075 0.8049096779838718
    endloop
  endfacet
  facet normal -0.5147164328119447 0.7703275794849885 -0.3763806770786002
    outer loop
      vertex -0.31818964514320847 11.268177756711417 0.4444297669803978
      vertex -0.6935199226610738 11.193519922661075 0.8049096779838718
      vertex -0.3753302775178653 11.406127446352887 0.8049096779838718
    endloop
  endfacet
  facet normal -0.1807443751593765 0.9086633352183312 -0.37638067707859946
    outer loop
      vertex -0.31818964514320847 11.268177756711417 0.4444297669803978
      vertex -0.3753302775178653 11.406127446352887 0.8049096779838718
      vertex 0 11.48078528040323 0.8049096779838718
    endloop
  endfacet
  facet normal -2.1971447697918057e-18 0.9238795325112865 -0.38268343236509045
    outer loop
      vertex 4 11.331469612302545 0.4444297669803978
      vertex 0 11.48078528040323 0.8049096779838718
      vertex 4 11.48078528040323 0.8049096779838718
    endloop
  endfacet
  facet normal -0.9807852804032303 0.1950903220161287 0
    outer loop
      vertex -0.9807852804032304 10.5 0.8049096779838718
      vertex -0.9807852804032304 10.5 4.195090322016128
      vertex -0.9061274463528878 10.875330277517865 0.8049096779838718
    endloop
  endfacet
  facet normal -0.8314696123025469 0.5555702330196 4.9245553978813535e-18
    outer loop
      vertex -0.9061274463528878 10.875330277517865 0.8049096779838718
      vertex -0.6935199226610738 11.193519922661075 4.195090322016128
      vertex -0.6935199226610738 11.193519922661075 0.8049096779838718
    endloop
  endfacet
  facet normal -0.5555702330195983 0.8314696123025479 -1.2645515266817945e-18
    outer loop
      vertex -0.6935199226610738 11.193519922661075 0.8049096779838718
      vertex -0.3753302775178653 11.406127446352887 4.195090322016128
      vertex -0.3753302775178653 11.406127446352887 0.8049096779838718
    endloop
  endfacet
  facet normal -0.19509032201613086 0.9807852804032299 0
    outer loop
      vertex -0.3753302775178653 11.406127446352887 0.8049096779838718
      vertex -0.3753302775178653 11.406127446352887 4.195090322016128
      vertex 0 11.48078528040323 0.8049096779838718
    endloop
  endfacet
  facet normal 0 1 0
    outer loop
      vertex 0 11.48078528040323 0.8049096779838718
      vertex 4 11.48078528040323 4.195090322016128
      vertex 4 11.48078528040323 0.8049096779838718
    endloop
  endfacet
  facet normal -0.5555702330196014 -0.8314696123025457 0
    outer loop
      vertex -0.6935199226610738 6.806480077338926 0.8049096779838718
      vertex -0.3753302775178653 6.593872553647112 4.195090322016128
      vertex -0.6935199226610738 6.806480077338926 4.195090322016128
    endloop
  endfacet
  facet normal -0.8314696123025453 -0.5555702330196021 0
    outer loop
      vertex -0.9061274463528878 7.1246697224821345 0.8049096779838718
      vertex -0.6935199226610738 6.806480077338926 4.195090322016128
      vertex -0.9061274463528878 7.1246697224821345 4.195090322016128
    endloop
  endfacet
  facet normal -0.9807852804032304 -0.19509032201612825 0
    outer loop
      vertex -0.9061274463528878 7.1246697224821345 0.8049096779838718
      vertex -0.9061274463528878 7.1246697224821345 4.195090322016128
      vertex -0.9807852804032304 7.5 4.195090322016128
    endloop
  endfacet
  facet normal -0.19509032201612866 -0.9807852804032303 0
    outer loop
      vertex 0 6.51921471959677 0.8049096779838718
      vertex 0 6.51921471959677 4.195090322016128
      vertex -0.3753302775178653 6.593872553647112 4.195090322016128
    endloop
  endfacet
  facet normal 0 -1 0
    outer loop
      vertex 4 6.51921471959677 0.8049096779838718
      vertex 4 6.51921471959677 4.195090322016128
      vertex 0 6.51921471959677 4.195090322016128
    endloop
  endfacet
  facet normal -0.5147164328119471 -0.7703275794849855 0.37638067707860295
    outer loop
      vertex -0.6935199226610738 6.806480077338926 4.195090322016128
      vertex -0.3753302775178653 6.593872553647112 4.195090322016128
      vertex -0.5879378012096794 6.912062198790321 4.555570233019602
    endloop
  endfacet
  facet normal -0.7703275794849853 -0.5147164328119477 0.37638067707860284
    outer loop
      vertex -0.6935199226610738 6.806480077338926 4.195090322016128
      vertex -0.5879378012096794 6.912062198790321 4.555570233019602
      vertex -0.9061274463528878 7.1246697224821345 4.195090322016128
    endloop
  endfacet
  facet normal -0.18074437515937422 -0.9086633352183304 0.37638067707860295
    outer loop
      vertex -0.3753302775178653 6.593872553647112 4.195090322016128
      vertex 0 6.51921471959677 4.195090322016128
      vertex 0 6.668530387697455 4.555570233019602
    endloop
  endfacet
  facet normal -0.9086633352183306 -0.1807443751593739 0.37638067707860223
    outer loop
      vertex -0.9061274463528878 7.1246697224821345 4.195090322016128
      vertex -0.8314696123025452 7.5 4.555570233019602
      vertex -0.9807852804032304 7.5 4.195090322016128
    endloop
  endfacet
  facet normal 0 -0.9238795325112865 0.3826834323650902
    outer loop
      vertex 0 6.51921471959677 4.195090322016128
      vertex 4 6.51921471959677 4.195090322016128
      vertex 4 6.668530387697455 4.555570233019602
    endloop
  endfacet
  facet normal -0.5147164328119492 -0.770327579484985 0.3763806770786012
    outer loop
      vertex -0.3753302775178653 6.593872553647112 4.195090322016128
      vertex -0.31818964514320847 6.731822243288583 4.555570233019602
      vertex -0.5879378012096794 6.912062198790321 4.555570233019602
    endloop
  endfacet
  facet normal -0.7703275794849851 -0.5147164328119478 0.3763806770786026
    outer loop
      vertex -0.9061274463528878 7.1246697224821345 4.195090322016128
      vertex -0.5879378012096794 6.912062198790321 4.555570233019602
      vertex -0.7681777567114163 7.1818103548567915 4.555570233019602
    endloop
  endfacet
  facet normal -0.9086633352183308 -0.18074437515937403 0.3763806770786024
    outer loop
      vertex -0.9061274463528878 7.1246697224821345 4.195090322016128
      vertex -0.7681777567114163 7.1818103548567915 4.555570233019602
      vertex -0.8314696123025452 7.5 4.555570233019602
    endloop
  endfacet
  facet normal -0.180744375159372 -0.9086633352183318 0.37638067707860096
    outer loop
      vertex -0.3753302775178653 6.593872553647112 4.195090322016128
      vertex 0 6.668530387697455 4.555570233019602
      vertex -0.31818964514320847 6.731822243288583 4.555570233019602
    endloop
  endfacet
  facet normal -0.5936131960090988 -0.3966396567602814 0.7002145072825539
    outer loop
      vertex -0.7681777567114163 7.1818103548567915 4.555570233019602
      vertex -0.5879378012096794 6.912062198790321 4.555570233019602
      vertex -0.5132799671593367 7.287392476308186 4.831469612302545
    endloop
  endfacet
  facet normal -0.39663965676028196 -0.5936131960090979 0.7002145072825542
    outer loop
      vertex -0.31818964514320847 6.731822243288583 4.555570233019602
      vertex -0.21260752369181413 6.986720032840664 4.831469612302545
      vertex -0.5879378012096794 6.912062198790321 4.555570233019602
    endloop
  endfacet
  facet normal -0.13928132531715184 -0.7002145072825533 0.7002145072825533
    outer loop
      vertex -0.31818964514320847 6.731822243288583 4.555570233019602
      vertex 0 6.668530387697455 4.555570233019602
      vertex 0 6.944429766980398 4.831469612302545
    endloop
  endfacet
  facet normal 1.2622547413603599e-18 -0.9238795325112865 0.3826834323650902
    outer loop
      vertex 0 6.51921471959677 4.195090322016128
      vertex 4 6.668530387697455 4.555570233019602
      vertex 0 6.668530387697455 4.555570233019602
    endloop
  endfacet
  facet normal -0.7002145072825524 -0.13928132531715373 0.7002145072825537
    outer loop
      vertex -0.7681777567114163 7.1818103548567915 4.555570233019602
      vertex -0.5132799671593367 7.287392476308186 4.831469612302545
      vertex -0.5555702330196022 7.5 4.831469612302545
    endloop
  endfacet
  facet normal -0.5936131960090997 -0.39663965676028073 0.7002145072825533
    outer loop
      vertex -0.5879378012096794 6.912062198790321 4.555570233019602
      vertex -0.392847479193551 7.107152520806449 4.831469612302545
      vertex -0.5132799671593367 7.287392476308186 4.831469612302545
    endloop
  endfacet
  facet normal -0.39663965676028085 -0.5936131960090997 0.7002145072825531
    outer loop
      vertex -0.5879378012096794 6.912062198790321 4.555570233019602
      vertex -0.21260752369181413 6.986720032840664 4.831469612302545
      vertex -0.392847479193551 7.107152520806449 4.831469612302545
    endloop
  endfacet
  facet normal -0.13928132531715395 -0.7002145072825515 0.7002145072825544
    outer loop
      vertex -0.31818964514320847 6.731822243288583 4.555570233019602
      vertex 0 6.944429766980398 4.831469612302545
      vertex -0.21260752369181413 6.986720032840664 4.831469612302545
    endloop
  endfacet
  facet normal -0.3234875065416025 -0.21614744150487758 0.9212144791753939
    outer loop
      vertex -0.5132799671593367 7.287392476308186 4.831469612302545
      vertex -0.392847479193551 7.107152520806449 4.831469612302545
      vertex -0.180239955501737 7.425342165949657 4.98078528040323
    endloop
  endfacet
  facet normal -0.07590088788047307 -0.38157953112891596 0.921214479175394
    outer loop
      vertex -0.21260752369181413 6.986720032840664 4.831469612302545
      vertex 0 6.944429766980398 4.831469612302545
      vertex -0.07465783405034254 7.319760044498263 4.98078528040323
    endloop
  endfacet
  facet normal -0.2161474415048773 -0.32348750654160213 0.921214479175394
    outer loop
      vertex -0.392847479193551 7.107152520806449 4.831469612302545
      vertex -0.21260752369181413 6.986720032840664 4.831469612302545
      vertex -0.07465783405034254 7.319760044498263 4.98078528040323
    endloop
  endfacet
  facet normal -0.21614744150487603 -0.3234875065416039 0.9212144791753938
    outer loop
      vertex -0.392847479193551 7.107152520806449 4.831469612302545
      vertex -0.07465783405034254 7.319760044498263 4.98078528040323
      vertex -0.13794968964147147 7.362050310358528 4.98078528040323
    endloop
  endfacet
  facet normal -0.3234875065416022 -0.21614744150487775 0.921214479175394
    outer loop
      vertex -0.392847479193551 7.107152520806449 4.831469612302545
      vertex -0.13794968964147147 7.362050310358528 4.98078528040323
      vertex -0.180239955501737 7.425342165949657 4.98078528040323
    endloop
  endfacet
  facet normal -0.0759008878804727 -0.3815795311289159 0.9212144791753941
    outer loop
      vertex 0 6.944429766980398 4.831469612302545
      vertex 0 7.304909677983872 4.98078528040323
      vertex -0.07465783405034254 7.319760044498263 4.98078528040323
    endloop
  endfacet
  facet normal 2.6847601809934166e-18 -0.7071067811865476 0.7071067811865476
    outer loop
      vertex 0 6.668530387697455 4.555570233019602
      vertex 4 6.944429766980398 4.831469612302545
      vertex 0 6.944429766980398 4.831469612302545
    endloop
  endfacet
  facet normal 1.2622547413603599e-18 -0.3826834323650902 0.9238795325112865
    outer loop
      vertex 0 6.944429766980398 4.831469612302545
      vertex 4 7.304909677983872 4.98078528040323
      vertex 0 7.304909677983872 4.98078528040323
    endloop
  endfacet
  facet normal -0.7002145072825526 -0.13928132531715343 0.7002145072825535
    outer loop
      vertex -0.7681777567114163 7.1818103548567915 4.555570233019602
      vertex -0.5555702330196022 7.5 4.831469612302545
      vertex -0.8314696123025452 7.5 4.555570233019602
    endloop
  endfacet
  facet normal -0.9238795325112868 -1.1336910839042142e-19 0.3826834323650895
    outer loop
      vertex -0.9807852804032304 7.5 4.195090322016128
      vertex -0.8314696123025452 7.5 4.555570233019602
      vertex -0.8314696123025452 10.5 4.555570233019602
    endloop
  endfacet
  facet normal -0.3815795311289163 -0.07590088788047288 0.921214479175394
    outer loop
      vertex -0.5132799671593367 7.287392476308186 4.831469612302545
      vertex -0.180239955501737 7.425342165949657 4.98078528040323
      vertex -0.5555702330196022 7.5 4.831469612302545
    endloop
  endfacet
  facet normal -0.38157953112891607 -0.07590088788047199 0.921214479175394
    outer loop
      vertex -0.5555702330196022 7.5 4.831469612302545
      vertex -0.180239955501737 7.425342165949657 4.98078528040323
      vertex -0.1950903220161282 7.5 4.98078528040323
    endloop
  endfacet
  facet normal -0.707106781186547 -9.067559151150539e-19 0.7071067811865479
    outer loop
      vertex -0.8314696123025452 7.5 4.555570233019602
      vertex -0.5555702330196022 7.5 4.831469612302545
      vertex -0.5555702330196022 10.5 4.831469612302545
    endloop
  endfacet
  facet normal -0.38268343236509045 -2.9295263597224075e-18 0.9238795325112865
    outer loop
      vertex -0.5555702330196022 7.5 4.831469612302545
      vertex -0.1950903220161282 7.5 4.98078528040323
      vertex -0.1950903220161282 10.5 4.98078528040323
    endloop
  endfacet
  facet normal 0 0 1
    outer loop
      vertex -0.13794968964147147 7.362050310358528 4.98078528040323
      vertex 4 10.695090322016128 4.98078528040323
      vertex -0.180239955501737 7.425342165949657 4.98078528040323
    endloop
  endfacet
  facet normal 0 0 1
    outer loop
      vertex -0.180239955501737 7.425342165949657 4.98078528040323
      vertex 4 10.695090322016128 4.98078528040323
      vertex -0.1950903220161282 7.5 4.98078528040323
    endloop
  endfacet
  facet normal 0 0 1
    outer loop
      vertex -0.13794968964147147 7.362050310358528 4.98078528040323
      vertex -0.07465783405034254 7.319760044498263 4.98078528040323
      vertex 4 10.695090322016128 4.98078528040323
    endloop
  endfacet
  facet normal 0 0 1
    outer loop
      vertex -0.07465783405034254 7.319760044498263 4.98078528040323
      vertex 0 7.304909677983872 4.98078528040323
      vertex 4 10.695090322016128 4.98078528040323
    endloop
  endfacet
  facet normal 0 -0.7071067811865476 0.7071067811865476
    outer loop
      vertex 0 6.668530387697455 4.555570233019602
      vertex 4 6.668530387697455 4.555570233019602
      vertex 4 6.944429766980398 4.831469612302545
    endloop
  endfacet
  facet normal 0 -0.3826834323650902 0.9238795325112865
    outer loop
      vertex 0 6.944429766980398 4.831469612302545
      vertex 4 6.944429766980398 4.831469612302545
      vertex 4 7.304909677983872 4.98078528040323
    endloop
  endfacet
  facet normal 0 0 1
    outer loop
      vertex 0 7.304909677983872 4.98078528040323
      vertex 4 7.304909677983872 4.98078528040323
      vertex 4 10.695090322016128 4.98078528040323
    endloop
  endfacet
  facet normal -1 0 0
    outer loop
      vertex -0.9807852804032304 10.5 0.8049096779838718
      vertex -0.9807852804032304 7.5 4.195090322016128
      vertex -0.9807852804032304 10.5 4.195090322016128
    endloop
  endfacet
  facet normal -0.9807852804032303 0.1950903220161287 0
    outer loop
      vertex -0.9061274463528878 10.875330277517865 0.8049096779838718
      vertex -0.9807852804032304 10.5 4.195090322016128
      vertex -0.9061274463528878 10.875330277517865 4.195090322016128
    endloop
  endfacet
  facet normal -0.8314696123025469 0.5555702330196 0
    outer loop
      vertex -0.9061274463528878 10.875330277517865 0.8049096779838718
      vertex -0.9061274463528878 10.875330277517865 4.195090322016128
      vertex -0.6935199226610738 11.193519922661075 4.195090322016128
    endloop
  endfacet
  facet normal -0.5555702330195983 0.8314696123025479 0
    outer loop
      vertex -0.6935199226610738 11.193519922661075 0.8049096779838718
      vertex -0.6935199226610738 11.193519922661075 4.195090322016128
      vertex -0.3753302775178653 11.406127446352887 4.195090322016128
    endloop
  endfacet
  facet normal -0.19509032201613086 0.9807852804032299 0
    outer loop
      vertex 0 11.48078528040323 0.8049096779838718
      vertex -0.3753302775178653 11.406127446352887 4.195090322016128
      vertex 0 11.48078528040323 4.195090322016128
    endloop
  endfacet
  facet normal 0 1 0
    outer loop
      vertex 0 11.48078528040323 0.8049096779838718
      vertex 0 11.48078528040323 4.195090322016128
      vertex 4 11.48078528040323 4.195090322016128
    endloop
  endfacet
  facet normal -0.9238795325112868 0 0.3826834323650895
    outer loop
      vertex -0.9807852804032304 7.5 4.195090322016128
      vertex -0.8314696123025452 10.5 4.555570233019602
      vertex -0.9807852804032304 10.5 4.195090322016128
    endloop
  endfacet
  facet normal -0.9086633352183306 0.18074437515937433 0.3763806770786023
    outer loop
      vertex -0.9807852804032304 10.5 4.195090322016128
      vertex -0.8314696123025452 10.5 4.555570233019602
      vertex -0.9061274463528878 10.875330277517865 4.195090322016128
    endloop
  endfacet
  facet normal -0.7703275794849871 0.514716432811946 0.3763806770786018
    outer loop
      vertex -0.9061274463528878 10.875330277517865 4.195090322016128
      vertex -0.7681777567114163 10.818189645143208 4.555570233019602
      vertex -0.6935199226610738 11.193519922661075 4.195090322016128
    endloop
  endfacet
  facet normal -0.5147164328119448 0.7703275794849885 0.37638067707859996
    outer loop
      vertex -0.6935199226610738 11.193519922661075 4.195090322016128
      vertex -0.31818964514320847 11.268177756711417 4.555570233019602
      vertex -0.3753302775178653 11.406127446352887 4.195090322016128
    endloop
  endfacet
  facet normal -0.18074437515937658 0.9086633352183314 0.3763806770785993
    outer loop
      vertex -0.3753302775178653 11.406127446352887 4.195090322016128
      vertex -0.31818964514320847 11.268177756711417 4.555570233019602
      vertex 0 11.48078528040323 4.195090322016128
    endloop
  endfacet
  facet normal 0 0.9238795325112865 0.3826834323650902
    outer loop
      vertex 0 11.48078528040323 4.195090322016128
      vertex 0 11.331469612302545 4.555570233019602
      vertex 4 11.48078528040323 4.195090322016128
    endloop
  endfacet
  facet normal -0.707106781186547 0 0.7071067811865479
    outer loop
      vertex -0.8314696123025452 7.5 4.555570233019602
      vertex -0.5555702330196022 10.5 4.831469612302545
      vertex -0.8314696123025452 10.5 4.555570233019602
    endloop
  endfacet
  facet normal -0.9086633352183308 0.18074437515937405 0.37638067707860196
    outer loop
      vertex -0.9061274463528878 10.875330277517865 4.195090322016128
      vertex -0.8314696123025452 10.5 4.555570233019602
      vertex -0.7681777567114163 10.818189645143208 4.555570233019602
    endloop
  endfacet
  facet normal -0.770327579484986 0.5147164328119467 0.3763806770786027
    outer loop
      vertex -0.6935199226610738 11.193519922661075 4.195090322016128
      vertex -0.7681777567114163 10.818189645143208 4.555570233019602
      vertex -0.5879378012096794 11.08793780120968 4.555570233019602
    endloop
  endfacet
  facet normal -0.514716432811947 0.7703275794849856 0.37638067707860295
    outer loop
      vertex -0.6935199226610738 11.193519922661075 4.195090322016128
      vertex -0.5879378012096794 11.08793780120968 4.555570233019602
      vertex -0.31818964514320847 11.268177756711417 4.555570233019602
    endloop
  endfacet
  facet normal -0.18074437515937183 0.9086633352183308 0.3763806770786031
    outer loop
      vertex 0 11.48078528040323 4.195090322016128
      vertex -0.31818964514320847 11.268177756711417 4.555570233019602
      vertex 0 11.331469612302545 4.555570233019602
    endloop
  endfacet
  facet normal -0.7002145072825526 0.13928132531715343 0.7002145072825535
    outer loop
      vertex -0.8314696123025452 10.5 4.555570233019602
      vertex -0.5555702330196022 10.5 4.831469612302545
      vertex -0.7681777567114163 10.818189645143208 4.555570233019602
    endloop
  endfacet
  facet normal -0.5936131960090997 0.3966396567602807 0.7002145072825533
    outer loop
      vertex -0.7681777567114163 10.818189645143208 4.555570233019602
      vertex -0.392847479193551 10.892847479193552 4.831469612302545
      vertex -0.5879378012096794 11.08793780120968 4.555570233019602
    endloop
  endfacet
  facet normal -0.3966396567602812 0.5936131960090996 0.7002145072825533
    outer loop
      vertex -0.5879378012096794 11.08793780120968 4.555570233019602
      vertex -0.392847479193551 10.892847479193552 4.831469612302545
      vertex -0.31818964514320847 11.268177756711417 4.555570233019602
    endloop
  endfacet
  facet normal -0.13928132531715162 0.7002145072825522 0.7002145072825544
    outer loop
      vertex -0.31818964514320847 11.268177756711417 4.555570233019602
      vertex 0 11.055570233019601 4.831469612302545
      vertex 0 11.331469612302545 4.555570233019602
    endloop
  endfacet
  facet normal -0.38268343236509045 0 0.9238795325112865
    outer loop
      vertex -0.5555702330196022 7.5 4.831469612302545
      vertex -0.1950903220161282 10.5 4.98078528040323
      vertex -0.5555702330196022 10.5 4.831469612302545
    endloop
  endfacet
  facet normal -0.3815795311289162 0.07590088788047279 0.921214479175394
    outer loop
      vertex -0.5555702330196022 10.5 4.831469612302545
      vertex -0.1950903220161282 10.5 4.98078528040323
      vertex -0.180239955501737 10.574657834050342 4.98078528040323
    endloop
  endfacet
  facet normal -0.7002145072825525 0.1392813253171538 0.7002145072825536
    outer loop
      vertex -0.7681777567114163 10.818189645143208 4.555570233019602
      vertex -0.5555702330196022 10.5 4.831469612302545
      vertex -0.5132799671593367 10.712607523691814 4.831469612302545
    endloop
  endfacet
  facet normal -0.5936131960091 0.39663965676027896 0.7002145072825541
    outer loop
      vertex -0.7681777567114163 10.818189645143208 4.555570233019602
      vertex -0.5132799671593367 10.712607523691814 4.831469612302545
      vertex -0.392847479193551 10.892847479193552 4.831469612302545
    endloop
  endfacet
  facet normal -0.396639656760278 0.5936131960091 0.7002145072825546
    outer loop
      vertex -0.31818964514320847 11.268177756711417 4.555570233019602
      vertex -0.392847479193551 10.892847479193552 4.831469612302545
      vertex -0.21260752369181413 11.013279967159336 4.831469612302545
    endloop
  endfacet
  facet normal -0.1392813253171513 0.7002145072825524 0.7002145072825543
    outer loop
      vertex -0.31818964514320847 11.268177756711417 4.555570233019602
      vertex -0.21260752369181413 11.013279967159336 4.831469612302545
      vertex 0 11.055570233019601 4.831469612302545
    endloop
  endfacet
  facet normal -0.38157953112891607 0.07590088788047283 0.921214479175394
    outer loop
      vertex -0.5555702330196022 10.5 4.831469612302545
      vertex -0.180239955501737 10.574657834050342 4.98078528040323
      vertex -0.5132799671593367 10.712607523691814 4.831469612302545
    endloop
  endfacet
  facet normal -0.3234875065416025 0.2161474415048765 0.9212144791753941
    outer loop
      vertex -0.5132799671593367 10.712607523691814 4.831469612302545
      vertex -0.180239955501737 10.574657834050342 4.98078528040323
      vertex -0.392847479193551 10.892847479193552 4.831469612302545
    endloop
  endfacet
  facet normal -0.21614744150487614 0.3234875065416028 0.9212144791753941
    outer loop
      vertex -0.392847479193551 10.892847479193552 4.831469612302545
      vertex -0.13794968964147147 10.637949689641472 4.98078528040323
      vertex -0.21260752369181413 11.013279967159336 4.831469612302545
    endloop
  endfacet
  facet normal -0.3234875065416036 0.21614744150487572 0.9212144791753939
    outer loop
      vertex -0.392847479193551 10.892847479193552 4.831469612302545
      vertex -0.180239955501737 10.574657834050342 4.98078528040323
      vertex -0.13794968964147147 10.637949689641472 4.98078528040323
    endloop
  endfacet
  facet normal -0.21614744150487544 0.3234875065416031 0.9212144791753942
    outer loop
      vertex -0.21260752369181413 11.013279967159336 4.831469612302545
      vertex -0.13794968964147147 10.637949689641472 4.98078528040323
      vertex -0.07465783405034254 10.680239955501737 4.98078528040323
    endloop
  endfacet
  facet normal -0.07590088788047296 0.38157953112891674 0.9212144791753938
    outer loop
      vertex 0 11.055570233019601 4.831469612302545
      vertex -0.07465783405034254 10.680239955501737 4.98078528040323
      vertex 0 10.695090322016128 4.98078528040323
    endloop
  endfacet
  facet normal -0.07590088788047158 0.3815795311289165 0.9212144791753939
    outer loop
      vertex -0.21260752369181413 11.013279967159336 4.831469612302545
      vertex -0.07465783405034254 10.680239955501737 4.98078528040323
      vertex 0 11.055570233019601 4.831469612302545
    endloop
  endfacet
  facet normal 0 0 1
    outer loop
      vertex -0.1950903220161282 7.5 4.98078528040323
      vertex 4 10.695090322016128 4.98078528040323
      vertex -0.1950903220161282 10.5 4.98078528040323
    endloop
  endfacet
  facet normal 3.601793396980617e-19 0.7071067811865464 0.7071067811865487
    outer loop
      vertex 0 11.331469612302545 4.555570233019602
      vertex 0 11.055570233019601 4.831469612302545
      vertex 4 11.055570233019601 4.831469612302545
    endloop
  endfacet
  facet normal 0 0 1
    outer loop
      vertex -0.1950903220161282 10.5 4.98078528040323
      vertex 4 10.695090322016128 4.98078528040323
      vertex -0.180239955501737 10.574657834050342 4.98078528040323
    endloop
  endfacet
  facet normal 0 0 1
    outer loop
      vertex -0.180239955501737 10.574657834050342 4.98078528040323
      vertex 4 10.695090322016128 4.98078528040323
      vertex -0.13794968964147147 10.637949689641472 4.98078528040323
    endloop
  endfacet
  facet normal -7.625054791740937e-19 0.382683432365091 0.9238795325112862
    outer loop
      vertex 0 11.055570233019601 4.831469612302545
      vertex 0 10.695090322016128 4.98078528040323
      vertex 4 10.695090322016128 4.98078528040323
    endloop
  endfacet
  facet normal 0 0 1
    outer loop
      vertex -0.13794968964147147 10.637949689641472 4.98078528040323
      vertex 4 10.695090322016128 4.98078528040323
      vertex -0.07465783405034254 10.680239955501737 4.98078528040323
    endloop
  endfacet
  facet normal 0 0 1
    outer loop
      vertex -0.07465783405034254 10.680239955501737 4.98078528040323
      vertex 4 10.695090322016128 4.98078528040323
      vertex 0 10.695090322016128 4.98078528040323
    endloop
  endfacet
  facet normal -1.2622547413603599e-18 0.9238795325112865 0.3826834323650902
    outer loop
      vertex 4 11.48078528040323 4.195090322016128
      vertex 0 11.331469612302545 4.555570233019602
      vertex 4 11.331469612302545 4.555570233019602
    endloop
  endfacet
  facet normal 0 0.7071067811865464 0.7071067811865487
    outer loop
      vertex 0 11.331469612302545 4.555570233019602
      vertex 4 11.055570233019601 4.831469612302545
      vertex 4 11.331469612302545 4.555570233019602
    endloop
  endfacet
  facet normal 0 0.382683432365091 0.9238795325112862
    outer loop
      vertex 0 11.055570233019601 4.831469612302545
      vertex 4 10.695090322016128 4.98078528040323
      vertex 4 11.055570233019601 4.831469612302545
    endloop
  endfacet
  facet normal -0.38268343236508867 -0.9238795325112872 -1.0549647610957347e-16
    outer loop
      vertex 33.94644660940672 12.746446609406727 0
      vertex 34.3 12.6 0
      vertex 34.3 12.6 0.009781341552734801
    endloop
  endfacet
  facet normal 0.16741469965597158 -0.9858865646407303 0
    outer loop
      vertex 34.3 12.6 0
      vertex 34.69634615850787 12.66730406465228 0.009781341552734801
      vertex 34.3 12.6 0.009781341552734801
    endloop
  endfacet
  facet normal -0.9238795325112891 -0.38268343236508406 0
    outer loop
      vertex 33.94644660940672 12.746446609406727 0
      vertex 33.94644660940672 12.746446609406727 0.009781341552734801
      vertex 33.8 13.1 0
    endloop
  endfacet
  facet normal -0.38268343236508867 -0.9238795325112872 0
    outer loop
      vertex 33.94644660940672 12.746446609406727 0
      vertex 34.3 12.6 0.009781341552734801
      vertex 33.94644660940672 12.746446609406727 0.009781341552734801
    endloop
  endfacet
  facet normal 0 0 -1
    outer loop
      vertex 33.94644660940672 12.746446609406727 0
      vertex 33.8 13.1 0
      vertex 34.3 12.6 0
    endloop
  endfacet
  facet normal -0.9238795325112891 -0.38268343236508406 0
    outer loop
      vertex 33.8 13.1 0
      vertex 33.94644660940672 12.746446609406727 0.009781341552734801
      vertex 33.8 13.1 0.009781341552734801
    endloop
  endfacet
  facet normal -0.9238795325112891 0.38268343236508406 0
    outer loop
      vertex 33.8 13.1 0
      vertex 33.8 13.1 0.009781341552734801
      vertex 33.94644660940672 13.453553390593273 0
    endloop
  endfacet
  facet normal -0.9238795325112891 0.38268343236508406 0
    outer loop
      vertex 33.94644660940672 13.453553390593273 0
      vertex 33.8 13.1 0.009781341552734801
      vertex 33.94644660940672 13.453553390593273 0.009781341552734801
    endloop
  endfacet
  facet normal 0 0 -1
    outer loop
      vertex 33.8 13.1 0
      vertex 33.94644660940672 13.453553390593273 0
      vertex 34.49289321881345 14 0
    endloop
  endfacet
  facet normal -0.7071067811865464 0.7071067811865487 0
    outer loop
      vertex 33.94644660940672 13.453553390593273 0
      vertex 33.94644660940672 13.453553390593273 0.009781341552734801
      vertex 34.49289321881345 14 0
    endloop
  endfacet
  facet normal 0 0 -1
    outer loop
      vertex 33.8 13.1 0
      vertex 34.49289321881345 14 0
      vertex 35 14 0
    endloop
  endfacet
  facet normal -0.7071067811865464 0.7071067811865487 -2.6710951840939424e-15
    outer loop
      vertex 33.94644660940672 13.453553390593273 0.009781341552734801
      vertex 34.49289321881345 14 0.009781341552734801
      vertex 34.49289321881345 14 0
    endloop
  endfacet
  facet normal 0 0 -1
    outer loop
      vertex 34.3 12.6 0
      vertex 33.8 13.1 0
      vertex 39.6 13.5 0
    endloop
  endfacet
  facet normal 0.16741469965597297 -0.9858865646407301 -5.830639241807196e-14
    outer loop
      vertex 34.3 12.6 0
      vertex 39.6 13.5 0
      vertex 34.69634615850787 12.66730406465228 0.009781341552734801
    endloop
  endfacet
  facet normal 0 0 -1
    outer loop
      vertex 33.8 13.1 0
      vertex 39.95355339059328 13.646446609406727 0
      vertex 39.6 13.5 0
    endloop
  endfacet
  facet normal 0 0 -1
    outer loop
      vertex 33.8 13.1 0
      vertex 40.1 14 0
      vertex 39.95355339059328 13.646446609406727 0
    endloop
  endfacet
  facet normal 0 0 -1
    outer loop
      vertex 36.246446609406725 15.753553390593273 0
      vertex 35 14 0
      vertex 35 14.50710678118655 0
    endloop
  endfacet
  facet normal -0.707106781186547 0.707106781186548 -4.693830073090881e-15
    outer loop
      vertex 36.246446609406725 15.753553390593273 0
      vertex 35 14.50710678118655 0
      vertex 35 14.50710678118655 0.009781341552734801
    endloop
  endfacet
  facet normal 0 0 -1
    outer loop
      vertex 36.246446609406725 15.753553390593273 0
      vertex 36.6 15.9 0
      vertex 35 14 0
    endloop
  endfacet
  facet normal -0.707106781186547 0.707106781186548 0
    outer loop
      vertex 36.246446609406725 15.753553390593273 0
      vertex 35 14.50710678118655 0.009781341552734801
      vertex 36.246446609406725 15.753553390593273 0.009781341552734801
    endloop
  endfacet
  facet normal 0 0 -1
    outer loop
      vertex 33.8 13.1 0
      vertex 35 14 0
      vertex 40 16.2 0
    endloop
  endfacet
  facet normal -0.38268343236508334 0.9238795325112895 0
    outer loop
      vertex 36.246446609406725 15.753553390593273 0
      vertex 36.246446609406725 15.753553390593273 0.009781341552734801
      vertex 36.4311452996336 15.83005809303779 0.009781341552734801
    endloop
  endfacet
  facet normal -0.38268343236508867 0.9238795325112872 1.1954230292200653e-13
    outer loop
      vertex 36.246446609406725 15.753553390593273 0
      vertex 36.4311452996336 15.83005809303779 0.009781341552734801
      vertex 36.6 15.9 0
    endloop
  endfacet
  facet normal 0 0 -1
    outer loop
      vertex 36.6 15.9 0
      vertex 40 16.2 0
      vertex 35 14 0
    endloop
  endfacet
  facet normal 0 0 -1
    outer loop
      vertex 33.8 13.1 0
      vertex 40.5 15.7 0
      vertex 40.1 14 0
    endloop
  endfacet
  facet normal 0 0 -1
    outer loop
      vertex 33.8 13.1 0
      vertex 40.35355339059328 16.053553390593272 0
      vertex 40.5 15.7 0
    endloop
  endfacet
  facet normal 0 0 -1
    outer loop
      vertex 33.8 13.1 0
      vertex 40 16.2 0
      vertex 40.35355339059328 16.053553390593272 0
    endloop
  endfacet
  facet normal 0.16741469965597305 -0.9858865646407299 -5.263424254223904e-18
    outer loop
      vertex 39.6 13.5 0
      vertex 34.69634615850787 12.66730406465228 5
      vertex 34.69634615850787 12.66730406465228 0.009781341552734801
    endloop
  endfacet
  facet normal 0.38268343236508867 -0.9238795325112872 0
    outer loop
      vertex 39.6 13.5 0
      vertex 39.95355339059328 13.646446609406727 0
      vertex 39.6 13.5 5
    endloop
  endfacet
  facet normal -0.38268343236509456 0.9238795325112847 0
    outer loop
      vertex 36.6 15.9 0
      vertex 36.4311452996336 15.83005809303779 0.009781341552734801
      vertex 36.6 15.9 5
    endloop
  endfacet
  facet normal 0.9238795325112892 -0.38268343236508406 2.0637941308753556e-19
    outer loop
      vertex 39.95355339059328 13.646446609406727 0
      vertex 40.1 14 0
      vertex 40.1 14 5
    endloop
  endfacet
  facet normal 0.973417168333576 -0.22903933372554658 0
    outer loop
      vertex 40.1 14 0
      vertex 40.5 15.7 0
      vertex 40.1 14 5
    endloop
  endfacet
  facet normal -0.08789381029635687 0.996129850025381 0
    outer loop
      vertex 36.6 15.9 0
      vertex 36.6 15.9 5
      vertex 40 16.2 0
    endloop
  endfacet
  facet normal 0.38268343236508867 0.9238795325112872 -2.0637941308753303e-19
    outer loop
      vertex 40 16.2 0
      vertex 40.35355339059328 16.053553390593272 5
      vertex 40.35355339059328 16.053553390593272 0
    endloop
  endfacet
  facet normal 0.9238795325112892 0.38268343236508406 -2.0637941308753556e-19
    outer loop
      vertex 40.5 15.7 0
      vertex 40.35355339059328 16.053553390593272 0
      vertex 40.35355339059328 16.053553390593272 5
    endloop
  endfacet
  facet normal 0.16741469965597308 -0.98588656464073 0
    outer loop
      vertex 39.6 13.5 0
      vertex 39.6 13.5 5
      vertex 34.69634615850787 12.66730406465228 5
    endloop
  endfacet
  facet normal 0.38268343236508867 -0.9238795325112872 0
    outer loop
      vertex 39.95355339059328 13.646446609406727 0
      vertex 39.95355339059328 13.646446609406727 5
      vertex 39.6 13.5 5
    endloop
  endfacet
  facet normal -0.3826834323650946 0.9238795325112849 4.901620808002002e-19
    outer loop
      vertex 36.6 15.9 5
      vertex 36.4311452996336 15.83005809303779 0.009781341552734801
      vertex 36.4311452996336 15.83005809303779 5
    endloop
  endfacet
  facet normal 0.9238795325112892 -0.38268343236508406 0
    outer loop
      vertex 39.95355339059328 13.646446609406727 0
      vertex 40.1 14 5
      vertex 39.95355339059328 13.646446609406727 5
    endloop
  endfacet
  facet normal 0.973417168333576 -0.22903933372554658 3.05141690216301e-18
    outer loop
      vertex 40.1 14 5
      vertex 40.5 15.7 0
      vertex 40.5 15.7 5
    endloop
  endfacet
  facet normal 0.9238795325112892 0.38268343236508406 0
    outer loop
      vertex 40.5 15.7 0
      vertex 40.35355339059328 16.053553390593272 5
      vertex 40.5 15.7 5
    endloop
  endfacet
  facet normal -0.08789381029635687 0.996129850025381 -4.163487228290104e-18
    outer loop
      vertex 36.6 15.9 5
      vertex 40 16.2 5
      vertex 40 16.2 0
    endloop
  endfacet
  facet normal 0.38268343236508867 0.9238795325112872 0
    outer loop
      vertex 40 16.2 0
      vertex 40 16.2 5
      vertex 40.35355339059328 16.053553390593272 5
    endloop
  endfacet
  facet normal 0 0 1
    outer loop
      vertex 39.6 13.5 5
      vertex 37.88794339420674 13.416449658080692 5
      vertex 34.69634615850787 12.66730406465228 5
    endloop
  endfacet
  facet normal 0 0 1
    outer loop
      vertex 39.6 13.5 5
      vertex 38.28083005935072 15.303729099442887 5
      vertex 37.88794339420674 13.416449658080692 5
    endloop
  endfacet
  facet normal 0 0 1
    outer loop
      vertex 40 16.2 5
      vertex 38.29051955684871 15.433856563531165 5
      vertex 38.28083005935072 15.303729099442887 5
    endloop
  endfacet
  facet normal 0 0 1
    outer loop
      vertex 40 16.2 5
      vertex 38.266216310431666 15.562064024085121 5
      vertex 38.29051955684871 15.433856563531165 5
    endloop
  endfacet
  facet normal 0 0 1
    outer loop
      vertex 40 16.2 5
      vertex 38.20955453214953 15.67962213805928 5
      vertex 38.266216310431666 15.562064024085121 5
    endloop
  endfacet
  facet normal 0 0 1
    outer loop
      vertex 39.6 13.5 5
      vertex 39.95355339059328 13.646446609406727 5
      vertex 38.28083005935072 15.303729099442887 5
    endloop
  endfacet
  facet normal 0 0 1
    outer loop
      vertex 39.95355339059328 13.646446609406727 5
      vertex 40.1 14 5
      vertex 38.28083005935072 15.303729099442887 5
    endloop
  endfacet
  facet normal 0 0 1
    outer loop
      vertex 40.1 14 5
      vertex 40.5 15.7 5
      vertex 38.28083005935072 15.303729099442887 5
    endloop
  endfacet
  facet normal 0 0 1
    outer loop
      vertex 40 16.2 5
      vertex 38.28083005935072 15.303729099442887 5
      vertex 40.35355339059328 16.053553390593272 5
    endloop
  endfacet
  facet normal 0 0 1
    outer loop
      vertex 40.5 15.7 5
      vertex 40.35355339059328 16.053553390593272 5
      vertex 38.28083005935072 15.303729099442887 5
    endloop
  endfacet
  facet normal 0 0 1
    outer loop
      vertex 36.6 15.9 5
      vertex 36.4311452996336 15.83005809303779 5
      vertex 40 16.2 5
    endloop
  endfacet
  facet normal 0 0 1
    outer loop
      vertex 40 16.2 5
      vertex 36.4311452996336 15.83005809303779 5
      vertex 37.76328540953933 15.904844708559537 5
    endloop
  endfacet
  facet normal 0 0 1
    outer loop
      vertex 40 16.2 5
      vertex 37.76328540953933 15.904844708559537 5
      vertex 37.8934259930252 15.895093680562207 5
    endloop
  endfacet
  facet normal 0 0 1
    outer loop
      vertex 40 16.2 5
      vertex 37.8934259930252 15.895093680562207 5
      vertex 38.01658523269863 15.852004282573041 5
    endloop
  endfacet
  facet normal 0 0 1
    outer loop
      vertex 40 16.2 5
      vertex 38.01658523269863 15.852004282573041 5
      vertex 38.12442228513904 15.778509162827374 5
    endloop
  endfacet
  facet normal 0 0 1
    outer loop
      vertex 40 16.2 5
      vertex 38.12442228513904 15.778509162827374 5
      vertex 38.20955453214953 15.67962213805928 5
    endloop
  endfacet
  facet normal -0.08715574274765799 -0.9961946980917457 -2.4786854356484533e-13
    outer loop
      vertex 39.49809734904587 32.95642212862617 0
      vertex 45.72431421211928 32.41169873645331 0
      vertex 43.76430784022565 32.58317707443258 0.009781341552734801
    endloop
  endfacet
  facet normal 0 0 -1
    outer loop
      vertex 39.15865299886021 33.133125672828776 0
      vertex 46.089285888336384 32.52677386393969 0
      vertex 39.49809734904587 32.95642212862617 0
    endloop
  endfacet
  facet normal 0 0 -1
    outer loop
      vertex 39.15865299886021 33.133125672828776 0
      vertex 39.04357787137383 33.49809734904587 0
      vertex 46.089285888336384 32.52677386393969 0
    endloop
  endfacet
  facet normal 0 0 -1
    outer loop
      vertex 39.04357787137383 33.49809734904587 0
      vertex 39.13073361412149 34.49429204713762 0
      vertex 46.089285888336384 32.52677386393969 0
    endloop
  endfacet
  facet normal 0 0 -1
    outer loop
      vertex 39.13073361412149 34.49429204713762 0
      vertex 39.30743715832409 34.83373639732328 0
      vertex 46.089285888336384 32.52677386393969 0
    endloop
  endfacet
  facet normal 0 0 -1
    outer loop
      vertex 39.30743715832409 34.83373639732328 0
      vertex 39.67240883454119 34.94881152480966 0
      vertex 46.089285888336384 32.52677386393969 0
    endloop
  endfacet
  facet normal 0 0 -1
    outer loop
      vertex 39.49809734904587 32.95642212862617 0
      vertex 46.089285888336384 32.52677386393969 0
      vertex 45.72431421211928 32.41169873645331 0
    endloop
  endfacet
  facet normal -0.08715574274765672 -0.9961946980917455 -3.7850006285271956e-16
    outer loop
      vertex 43.76430784022565 32.58317707443258 0.009781341552734801
      vertex 45.72431421211928 32.41169873645331 0
      vertex 45.72431421211928 32.41169873645331 0.009781341552734801
    endloop
  endfacet
  facet normal 0.3007057995042565 -0.9537169507482322 0
    outer loop
      vertex 45.72431421211928 32.41169873645331 0
      vertex 46.089285888336384 32.52677386393969 0
      vertex 45.72431421211928 32.41169873645331 0.009781341552734801
    endloop
  endfacet
  facet normal 0.3007057995042565 -0.9537169507482322 -2.621788387101067e-16
    outer loop
      vertex 45.72431421211928 32.41169873645331 0.009781341552734801
      vertex 46.089285888336384 32.52677386393969 0
      vertex 46.089285888336384 32.52677386393969 0.009781341552734801
    endloop
  endfacet
  facet normal 0.8870108331782253 -0.46174861323502725 0
    outer loop
      vertex 46.089285888336384 32.52677386393969 0
      vertex 46.26598943253899 32.866218214125354 0
      vertex 46.089285888336384 32.52677386393969 0.009781341552734801
    endloop
  endfacet
  facet normal 0.8870108331782253 -0.46174861323502725 -4.0907606660453174e-16
    outer loop
      vertex 46.089285888336384 32.52677386393969 0.009781341552734801
      vertex 46.26598943253899 32.866218214125354 0
      vertex 46.26598943253899 32.866218214125354 0.009781341552734801
    endloop
  endfacet
  facet normal 0 0 -1
    outer loop
      vertex 39.67240883454119 34.94881152480966 0
      vertex 45.8986256976146 34.4040881326368 0
      vertex 46.089285888336384 32.52677386393969 0
    endloop
  endfacet
  facet normal 0 0 -1
    outer loop
      vertex 46.089285888336384 32.52677386393969 0
      vertex 46.35314517528664 33.862412912217096 0
      vertex 46.26598943253899 32.866218214125354 0
    endloop
  endfacet
  facet normal 0.9961946980917458 -0.08715574274765492 0
    outer loop
      vertex 46.26598943253899 32.866218214125354 0
      vertex 46.35314517528664 33.862412912217096 0
      vertex 46.26598943253899 32.866218214125354 0.009781341552734801
    endloop
  endfacet
  facet normal 0 0 -1
    outer loop
      vertex 46.089285888336384 32.52677386393969 0
      vertex 46.23807004780026 34.2273845884342 0
      vertex 46.35314517528664 33.862412912217096 0
    endloop
  endfacet
  facet normal 0.9961946980917458 -0.08715574274765492 6.257054560435362e-16
    outer loop
      vertex 46.26598943253899 32.866218214125354 0.009781341552734801
      vertex 46.35314517528664 33.862412912217096 0
      vertex 46.35314517528664 33.862412912217096 0.009781341552734801
    endloop
  endfacet
  facet normal 0 0 -1
    outer loop
      vertex 46.089285888336384 32.52677386393969 0
      vertex 45.8986256976146 34.4040881326368 0
      vertex 46.23807004780026 34.2273845884342 0
    endloop
  endfacet
  facet normal 0.9537169507482268 0.30070579950427345 0
    outer loop
      vertex 46.35314517528664 33.862412912217096 0
      vertex 46.23807004780026 34.2273845884342 0
      vertex 46.35314517528664 33.862412912217096 0.009781341552734801
    endloop
  endfacet
  facet normal 0.9537169507487591 0.30070579950258536 -6.924960097572243e-11
    outer loop
      vertex 46.35314517528664 33.862412912217096 0.009781341552734801
      vertex 46.23807004780026 34.2273845884342 0
      vertex 46.352631728856494 33.864041356246254 0.009781341552734801
    endloop
  endfacet
  facet normal -0.4617486132350348 -0.8870108331782213 0
    outer loop
      vertex 39.15865299886021 33.133125672828776 0
      vertex 39.49809734904587 32.95642212862617 0
      vertex 39.15865299886021 33.133125672828776 5
    endloop
  endfacet
  facet normal -0.9537169507482253 -0.3007057995042788 0
    outer loop
      vertex 39.15865299886021 33.133125672828776 0
      vertex 39.15865299886021 33.133125672828776 5
      vertex 39.04357787137383 33.49809734904587 0
    endloop
  endfacet
  facet normal -0.9961946980917453 0.08715574274766139 3.2317312987020316e-19
    outer loop
      vertex 39.04357787137383 33.49809734904587 0
      vertex 39.13073361412149 34.49429204713762 5
      vertex 39.13073361412149 34.49429204713762 0
    endloop
  endfacet
  facet normal -0.8870108331782213 0.4617486132350348 -5.987385640684377e-19
    outer loop
      vertex 39.13073361412149 34.49429204713762 0
      vertex 39.30743715832409 34.83373639732328 5
      vertex 39.30743715832409 34.83373639732328 0
    endloop
  endfacet
  facet normal -0.3007057995042788 0.9537169507482253 0
    outer loop
      vertex 39.30743715832409 34.83373639732328 0
      vertex 39.30743715832409 34.83373639732328 5
      vertex 39.67240883454119 34.94881152480966 0
    endloop
  endfacet
  facet normal -0.08715574274765855 -0.9961946980917455 -4.890597681382218e-18
    outer loop
      vertex 39.49809734904587 32.95642212862617 0
      vertex 43.76430784022565 32.58317707443258 0.009781341552734801
      vertex 43.76430784022565 32.58317707443258 5
    endloop
  endfacet
  facet normal 0.08715574274765797 0.9961946980917455 0
    outer loop
      vertex 39.67240883454119 34.94881152480966 0
      vertex 39.67240883454119 34.94881152480966 5
      vertex 45.8986256976146 34.4040881326368 0
    endloop
  endfacet
  facet normal 0.9537169507482245 0.300705799504281 -1.2201153472410197e-18
    outer loop
      vertex 46.352631728856494 33.864041356246254 0.009781341552734801
      vertex 46.23807004780026 34.2273845884342 0
      vertex 46.23807004780026 34.2273845884342 5
    endloop
  endfacet
  facet normal 0.4617486132350348 0.8870108331782213 5.987385640684377e-19
    outer loop
      vertex 45.8986256976146 34.4040881326368 0
      vertex 46.23807004780026 34.2273845884342 5
      vertex 46.23807004780026 34.2273845884342 0
    endloop
  endfacet
  facet normal -0.4617486132350348 -0.8870108331782213 0
    outer loop
      vertex 39.49809734904587 32.95642212862617 0
      vertex 39.49809734904587 32.95642212862617 5
      vertex 39.15865299886021 33.133125672828776 5
    endloop
  endfacet
  facet normal -0.9537169507482253 -0.3007057995042788 0
    outer loop
      vertex 39.04357787137383 33.49809734904587 0
      vertex 39.15865299886021 33.133125672828776 5
      vertex 39.04357787137383 33.49809734904587 5
    endloop
  endfacet
  facet normal -0.9961946980917453 0.08715574274766139 0
    outer loop
      vertex 39.04357787137383 33.49809734904587 0
      vertex 39.04357787137383 33.49809734904587 5
      vertex 39.13073361412149 34.49429204713762 5
    endloop
  endfacet
  facet normal -0.8870108331782213 0.4617486132350348 0
    outer loop
      vertex 39.13073361412149 34.49429204713762 0
      vertex 39.13073361412149 34.49429204713762 5
      vertex 39.30743715832409 34.83373639732328 5
    endloop
  endfacet
  facet normal -0.3007057995042788 0.9537169507482253 0
    outer loop
      vertex 39.67240883454119 34.94881152480966 0
      vertex 39.30743715832409 34.83373639732328 5
      vertex 39.67240883454119 34.94881152480966 5
    endloop
  endfacet
  facet normal -0.08715574274765855 -0.9961946980917455 0
    outer loop
      vertex 39.49809734904587 32.95642212862617 0
      vertex 43.76430784022565 32.58317707443258 5
      vertex 39.49809734904587 32.95642212862617 5
    endloop
  endfacet
  facet normal 0.08715574274765797 0.9961946980917455 0
    outer loop
      vertex 45.8986256976146 34.4040881326368 0
      vertex 39.67240883454119 34.94881152480966 5
      vertex 45.8986256976146 34.4040881326368 5
    endloop
  endfacet
  facet normal 0.4617486132350348 0.8870108331782213 0
    outer loop
      vertex 45.8986256976146 34.4040881326368 0
      vertex 45.8986256976146 34.4040881326368 5
      vertex 46.23807004780026 34.2273845884342 5
    endloop
  endfacet
  facet normal 0.9537169507482245 0.300705799504281 0
    outer loop
      vertex 46.352631728856494 33.864041356246254 0.009781341552734801
      vertex 46.23807004780026 34.2273845884342 5
      vertex 46.352631728856494 33.864041356246254 5
    endloop
  endfacet
  facet normal 0 0 1
    outer loop
      vertex 39.15865299886021 33.133125672828776 5
      vertex 39.30743715832409 34.83373639732328 5
      vertex 39.04357787137383 33.49809734904587 5
    endloop
  endfacet
  facet normal 0 0 1
    outer loop
      vertex 39.15865299886021 33.133125672828776 5
      vertex 39.49809734904587 32.95642212862617 5
      vertex 39.30743715832409 34.83373639732328 5
    endloop
  endfacet
  facet normal 0 0 1
    outer loop
      vertex 39.49809734904587 32.95642212862617 5
      vertex 41.88573157040373 33.796820840914215 5
      vertex 39.30743715832409 34.83373639732328 5
    endloop
  endfacet
  facet normal 0 0 1
    outer loop
      vertex 39.04357787137383 33.49809734904587 5
      vertex 39.30743715832409 34.83373639732328 5
      vertex 39.13073361412149 34.49429204713762 5
    endloop
  endfacet
  facet normal 0 0 1
    outer loop
      vertex 39.49809734904587 32.95642212862617 5
      vertex 43.76430784022565 32.58317707443258 5
      vertex 42.305686239505505 32.85521469052579 5
    endloop
  endfacet
  facet normal 0 0 1
    outer loop
      vertex 42.305686239505505 32.85521469052579 5
      vertex 43.76430784022565 32.58317707443258 5
      vertex 43.777541282915294 32.754973760014366 5
    endloop
  endfacet
  facet normal 0 0 1
    outer loop
      vertex 39.49809734904587 32.95642212862617 5
      vertex 41.96290421736843 33.02534704650992 5
      vertex 41.89066544296979 33.134059245843055 5
    endloop
  endfacet
  facet normal 0 0 1
    outer loop
      vertex 39.49809734904587 32.95642212862617 5
      vertex 42.06081229840784 32.93903756053137 5
      vertex 41.96290421736843 33.02534704650992 5
    endloop
  endfacet
  facet normal 0 0 1
    outer loop
      vertex 39.49809734904587 32.95642212862617 5
      vertex 41.89066544296979 33.134059245843055 5
      vertex 41.84902838670712 33.257764840279954 5
    endloop
  endfacet
  facet normal 0 0 1
    outer loop
      vertex 39.49809734904587 32.95642212862617 5
      vertex 41.84902838670712 33.257764840279954 5
      vertex 41.84081345344584 33.38803659603359 5
    endloop
  endfacet
  facet normal 0 0 1
    outer loop
      vertex 39.49809734904587 32.95642212862617 5
      vertex 41.84081345344584 33.38803659603359 5
      vertex 41.85994904023802 33.66886614140203 5
    endloop
  endfacet
  facet normal 0 0 1
    outer loop
      vertex 39.49809734904587 32.95642212862617 5
      vertex 41.85994904023802 33.66886614140203 5
      vertex 41.88573157040373 33.796820840914215 5
    endloop
  endfacet
  facet normal 0 0 1
    outer loop
      vertex 39.49809734904587 32.95642212862617 5
      vertex 42.17773943100225 32.88100457917637 5
      vertex 42.06081229840784 32.93903756053137 5
    endloop
  endfacet
  facet normal 0 0 1
    outer loop
      vertex 39.49809734904587 32.95642212862617 5
      vertex 42.305686239505505 32.85521469052579 5
      vertex 42.17773943100225 32.88100457917637 5
    endloop
  endfacet
  facet normal 0 0 1
    outer loop
      vertex 39.30743715832409 34.83373639732328 5
      vertex 41.88573157040373 33.796820840914215 5
      vertex 41.943771910243605 33.913740082499686 5
    endloop
  endfacet
  facet normal 0 0 1
    outer loop
      vertex 39.30743715832409 34.83373639732328 5
      vertex 41.943771910243605 33.913740082499686 5
      vertex 42.030081662484186 34.011655788286006 5
    endloop
  endfacet
  facet normal 0 0 1
    outer loop
      vertex 39.30743715832409 34.83373639732328 5
      vertex 42.030081662484186 34.011655788286006 5
      vertex 42.13879386181732 34.08389456268464 5
    endloop
  endfacet
  facet normal 0 0 1
    outer loop
      vertex 39.30743715832409 34.83373639732328 5
      vertex 42.13879386181732 34.08389456268464 5
      vertex 42.26249945625421 34.12553161894731 5
    endloop
  endfacet
  facet normal 0 0 1
    outer loop
      vertex 39.30743715832409 34.83373639732328 5
      vertex 42.26249945625421 34.12553161894731 5
      vertex 42.39276332099891 34.13373919372371 5
    endloop
  endfacet
  facet normal 0 0 1
    outer loop
      vertex 39.30743715832409 34.83373639732328 5
      vertex 45.8986256976146 34.4040881326368 5
      vertex 39.67240883454119 34.94881152480966 5
    endloop
  endfacet
  facet normal 0 0 1
    outer loop
      vertex 39.30743715832409 34.83373639732328 5
      vertex 42.39276332099891 34.13373919372371 5
      vertex 46.352631728856494 33.864041356246254 5
    endloop
  endfacet
  facet normal 0 0 1
    outer loop
      vertex 39.30743715832409 34.83373639732328 5
      vertex 46.352631728856494 33.864041356246254 5
      vertex 46.23807004780026 34.2273845884342 5
    endloop
  endfacet
  facet normal 0 0 1
    outer loop
      vertex 39.30743715832409 34.83373639732328 5
      vertex 46.23807004780026 34.2273845884342 5
      vertex 45.8986256976146 34.4040881326368 5
    endloop
  endfacet
  facet normal -1 0 0
    outer loop
      vertex 25 14 0
      vertex 25 14 0.009781341552734801
      vertex 25 24 0.009781341552734801
    endloop
  endfacet
  facet normal 0 -1 0
    outer loop
      vertex 25 14 0
      vertex 34.49289321881345 14 0.009781341552734801
      vertex 25 14 0.009781341552734801
    endloop
  endfacet
  facet normal 0 -1 0
    outer loop
      vertex 25 14 0
      vertex 34.49289321881345 14 0
      vertex 34.49289321881345 14 0.009781341552734801
    endloop
  endfacet
  facet normal 0 0 -1
    outer loop
      vertex 25 14 0
      vertex 35 24 0
      vertex 34.49289321881345 14 0
    endloop
  endfacet
  facet normal 0 0 -1
    outer loop
      vertex 35 14.50710678118655 0
      vertex 35 14 0
      vertex 34.49289321881345 14 0
    endloop
  endfacet
  facet normal 1 0 0
    outer loop
      vertex 35 15.74971330611667 0.009781341552734801
      vertex 35 14.50710678118655 0.009781341552734801
      vertex 35 14.50710678118655 0
    endloop
  endfacet
  facet normal 1 0 0
    outer loop
      vertex 35 15.74971330611667 0.009781341552734801
      vertex 35 14.50710678118655 0
      vertex 35 22.067827843065526 0.009781341552734801
    endloop
  endfacet
  facet normal 0 0 -1
    outer loop
      vertex 35 24 0
      vertex 35 14.50710678118655 0
      vertex 34.49289321881345 14 0
    endloop
  endfacet
  facet normal 0 0 1
    outer loop
      vertex 32.46109283900671 15.607178543982638 5
      vertex 35 15.74971330611667 5
      vertex 35 22.067827843065526 5
    endloop
  endfacet
  facet normal 1 0 0
    outer loop
      vertex 35 15.74971330611667 0.009781341552734801
      vertex 35 22.067827843065526 5
      vertex 35 15.74971330611667 5
    endloop
  endfacet
  facet normal -1 0 0
    outer loop
      vertex 25 14 0
      vertex 25 24 0.009781341552734801
      vertex 25 24 0
    endloop
  endfacet
  facet normal 0 0 -1
    outer loop
      vertex 25 14 0
      vertex 25 24 0
      vertex 35 24 0
    endloop
  endfacet
  facet normal 0 1 0
    outer loop
      vertex 25 24 0
      vertex 25 24 0.009781341552734801
      vertex 35 24 0.009781341552734801
    endloop
  endfacet
  facet normal 0 1 0
    outer loop
      vertex 25 24 0
      vertex 35 24 0.009781341552734801
      vertex 35 24 0
    endloop
  endfacet
  facet normal 1 0 0
    outer loop
      vertex 35 22.067827843065526 0.009781341552734801
      vertex 35 14.50710678118655 0
      vertex 35 24 0
    endloop
  endfacet
  facet normal 1 0 0
    outer loop
      vertex 35 22.067827843065526 0.009781341552734801
      vertex 35 24 0
      vertex 35 24 0.009781341552734801
    endloop
  endfacet
  facet normal 1 0 0
    outer loop
      vertex 35 15.74971330611667 0.009781341552734801
      vertex 35 22.067827843065526 0.009781341552734801
      vertex 35 22.067827843065526 5
    endloop
  endfacet
  facet normal 0 0 1
    outer loop
      vertex 32.46109283900671 15.607178543982638 5
      vertex 35 22.067827843065526 5
      vertex 32.92569301361489 21.493697173513024 5
    endloop
  endfacet
endsolid OpenSCAD_Model
